id,company_name,website,industry,founded,domain,description,locality,employee_count,updated_at,follower_count,company_size_code,company_type_code,country_code,industry_codes,ticker,universal_name,square_logo_url,square_logo_url_internal,created_at,specialty_ids,parent_id,industry_code,max_snapshot_id,country_iso,similar_company_ids,affiliated_company_ids,employee_profile_ids
-1669655435,ASIST Translation Services Inc.,,,,,了解ASIST Translation Services Inc.的工作环境。立即免费加入领英。看看您认识哪些ASIST Translation Services Inc.员工，利用人脉力量，成功应聘职位。,Columbus,,2018-10-25T12:46:37.274991,,,,PR,{NULL},,asist-translation-services-inc,https://media.licdn.com/dms/image/C560BAQFWX49xa4C53w/company-logo_200_200/0?e=2159024400&v=beta&t=ZabWkvtkOmEHlemTKPYplfnwvVGTad1ZStUbJSjLOrw,4fb9b601-eb0d-29f3-ef59-1c4271f47a3f,2018-04-26T06:30:30.673754,,,,,,,,
-1314002296,"Redco Tool & Fastener Supply, LLC",,,,,"了解Redco Tool &amp; Fastener Supply, LLC的工作环境。立即免费加入领英。看看您认识哪些Redco Tool &amp; Fastener Supply, LLC员工，利用人脉力量，成功应聘职位。",,3,2019-04-25T01:22:20.558574,2,,,,{NULL},,redco-tool-&-fastener-supply-llc,,,2018-11-19T07:53:22.475911,,,,,,,,
-1252196934,Sakai Trading Co Ltd (9967),,,,,了解Sakai Trading Co Ltd (9967)的工作环境。立即免费加入领英。看看您认识哪些Sakai Trading Co Ltd (9967)员工，利用人脉力量，成功应聘职位。,"Osaka,",,2018-10-16T04:55:18.732674,,,,JP,{NULL},,sakai-trading-co-ltd-9967-,https://static.licdn.com/sc/h/ck48xrmh3ctwna0w2y1hos0ln,d4223fcd-ef3d-fca6-0a57-fe0f33857e0b,2018-05-19T10:29:16.665068,,,,,,,,
8471857,THE ICE BEAR PROJECT LTD,,,,,"THE ICE BEAR PROJECT LTD is a media production company based out of THE PARLOUR OFFICE SHEARSTOCK ESTATE MOTCOMBE, Shaftesbury, DORSET, United Kingdom.","Shaftesbury, DORSET",,2022-07-13T05:19:11.256423,2,B,,GB,{126},,the-ice-bear-project-ltd,,,2017-03-12T03:40:34,{},,126,1724192707,GB,,,
18028857,Optimised Software,http://www.optimisedsoftware.com.au,,2016,optimisedsoftware.com.au,"Optimised Software, builds apps, custom software, websites (or a combination) and provide IT consulting services that will help you improve your life so you can spend your time doing the things you really love - whether it be extracting more value from your business or simply bettering your game of golf through the use of technology.

We’re looking to partner with you to develop your apps, apps which help you organise your life, not control it.  Apps where you are in charge of your own time.  Apps that are intuitive, easy to use, and just get the job done.

Need a presence on the web? We can design and develop a full site for you or we can provide with you some help to get a site up and running.  We can do as much or as little as you like.  It's your choice.  If you need your website integrated with an app, we can bundle the app and site into a package and negotiate a deal.

So if you have an idea, let's put our heads together and see what we can do.  If you not sure what you need to get your idea up and running, give us a try by contacting us through our contact form.  Let us help you take that idea from being just that, an idea, to being a real product.  Simple.  Smart.  Optimised.","Brisbane, Queensland",,2022-06-26T12:51:37.023816,3,A,S,,{4},,optimised-software,https://media-exp2.licdn.com/dms/image/C510BAQG_ISXQFJTdWA/company-logo_200_200/0/1519895058079?e=2147483647&v=beta&t=_YesGzXDbU158JThsndelD-lui5yDD1swZbyEcCa4yE,96abb47e-baf9-1a4f-1f3f-8e4b1572ee46,2021-05-08T16:38:24.615849,"{18416,22855,10603}",,4,1718121917,AU,,,
-469829457,"Block Scientific, Inc.",,,,,"Block Scientific provides the finest NEW and reconditioned laboratory equipment to hospitals and laboratories all over the world. We have an extensive selection of medical lab equipment, reagents, and controls from the industry's most respected manufacturers. Established in 1980 and with over thirty years experience, Block Scientific is able to satisfy all your laboratory equipment needs, affordably and efficiently. Whether you are looking for outstanding pricing on NEW equipment or for the highest quality reconditioned equipment, our guarantee of quality, value, service, and selection will ensure your satisfaction!    Block Scientific represents the highest quality equipment made by the leading manufacturer's of new clinical laboratory equipment in the world.  Our commitment to you is to provide this equipment at the lowest prices possible.  We will meet or beat any advertised competitive prices in order to ensure that you receive the very best value possible.    For those customers seeking the value of qual","Bellport,",,2018-10-09T01:11:49.58049,,,,US,{NULL},,block-scientific-inc-,https://media.licdn.com/dms/image/C510BAQHur82kU9WVhA/company-logo_200_200/0?e=2159024400&v=beta&t=qyAId6EuGTkmFdUz1f1rDeKnzsyFGajcwakdSPmO74w,5777f907-1822-1ca2-d1cc-e6433658f311,2018-05-04T04:53:24.258156,,,,,,,,
1379827,INSPIRE THE PRIZE WITHIN,http://www.chavannaking.com,Alternative Medicine,,chavannaking.com,,,,2022-06-16T14:27:02.537127,4,,,,"{125,NULL}",,inspire-the-prize-within,,,2016-09-12T05:45:52,{},,125,1709456992,,,,
-89796094,南京江蒙防雷科技有限公司,,,,,了解南京江蒙防雷科技有限公司的工作环境。立即免费加入领英。看看您认识哪些南京江蒙防雷科技有限公司员工，利用人脉力量，成功应聘职位。,,,2018-10-09T00:56:29.888496,,,,CN,{NULL},,åäº¬æ±èé²é·ç§ææéå¬å¸,https://static.licdn.com/sc/h/ck48xrmh3ctwna0w2y1hos0ln,d4223fcd-ef3d-fca6-0a57-fe0f33857e0b,2018-10-09T00:56:21.45244,,,,,,,,
18271051,Aasgard,http://aasgard.us,,2017,aasgard.us,"We equip people with high quality products and provide dependable information about it's utility and its origins. We empower adventurous self discovery by serving, teaching and guiding.

We're on Kickstarter!
http://kck.st/2hvT6Be","Tacoma, WA",4,2022-08-27T04:35:33.573975,138,A,P,,"{27,NULL}",,aasgard,https://media-exp1.licdn.com/dms/image/C4E0BAQFI9vMW6sTVMw/company-logo_200_200/0/1519875656137?e=2147483647&v=beta&t=cNjpWE9kYSr-9bfrOe7ei_tLHo57HvthRAtTO5uT0l4,73c21443-6028-489d-20cd-df99cc3c64c6,2021-03-30T23:20:48.138237,{138682},,27,1757147549,US,,,
17927200,Equanores,http://www.equanores.com,,2016,equanores.com,Technologies for business. Cloud & Data Organization Plateformes Web & Mobile Solutions Interactives Consulting,,,2019-01-13T00:05:15.777957,5,B,P,,"{96,NULL}",,equanores,https://media.licdn.com/dms/image/C4E0BAQHbBbB6NEYdJQ/company-logo_200_200/0?e=2159024400&v=beta&t=N1LwBVGLj5d0AxqFlGt-PAt9ICGxS-TOhykW_jLJkfE,3b00f41c-74d3-d1f1-0fa4-5107e1d3aff3,2017-06-26T20:35:05,{},,96,,,,,
18048988,Pixelfeast,http://www.pixelfeast.com.au,,2016,pixelfeast.com.au,Pixelfeast specialises in new websites for startups to give startup businesses a cost effective online presence. We also maintain and update existing websites.,"Perth, WA",,2022-08-27T04:35:33.770823,3,A,E,,{96},,pixelfeast,https://media-exp1.licdn.com/dms/image/C510BAQF6bnriHvhcFA/company-logo_200_200/0/1519908432987?e=2147483647&v=beta&t=rW9L24sh4Y9IzJ_6JA0FGBgUP8DPOSAoXYhXmje7t8M,3b856efa-d2d5-e475-6778-f5401728d397,2021-04-19T18:12:35.267391,"{234590,15797,39663,34286,32725,22269,48020,41104}",,96,1757147551,AU,,,
8275344,BAG SUPPLIES LTD,http://bagsupplies.com/,,,bagsupplies.com,BAG SUPPLIES LTD is a packaging and containers company.,"STOKE ON TRENT, STAFFORDSHIRE",4,2022-08-29T15:58:54.423055,7,B,,,"{117,146,NULL}",,bag-supplies-ltd,https://static-exp1.licdn.com/sc/h/9rxpcj33wtsq3w7nxb3u3ku6e,a520e4b9-9077-853f-03a5-16ebbd51e0c6,2017-03-15T23:57:52,{},,146,1759620357,,,,
50247220,LA MACHINE A CULTURE,,,,,"LA MACHINE A CULTURE is a civic & social organization company based out of 1 PL DE LA VICTOIRE, La Machine, Bourgognefranchecomté, France.","La Machine, Bourgognefranchecomté",,2022-06-27T09:19:53.943058,,,,,{90},,la-machine-a-culture,,,2021-06-12T23:26:51.652447,,,90,1718711780,FR,,,
3791817,Stuchbury Consulting,http://www.stuchburyconsulting.com,,2012,stuchburyconsulting.com,"Stuchbury Consulting are small team of dedicated specialist FileMaker developers, with significant experience in developing bespoke FileMaker solutions for clients in a variety of industry sectors. As a company, we are technically creative, business-minded and professional. As a client, you are experts in your field but are probably spending more time than you’d like on repetitive tasks.","Melksham, Wiltshire",,2019-03-01T18:22:35.085667,2,B,E,GB,{4},,stuchbury-consulting-ltd,https://media.licdn.com/dms/image/C4E0BAQEuvLyCH97dCg/company-logo_200_200/0?e=2159024400&v=beta&t=orGcoaSwoiERSmDZyvuqP6OqLmNNJauKWhYHuSBVCM0,8c8469e4-640c-085a-e86b-5b0cfa315f67,2016-09-27T13:21:56,"{65995,2845573,2845574}",,4,,,,,
-921497117,How to Contact Outlook Customer Service Phone Number l(888)828-487l,,,,,"Outlook Customer Service Phone Number 1-888-828-4871 Outlook Customer Care USA for live help and guides for Outlook issues. Outlook Customer Service Number and Outlook Customer Support to fix issues. Outlook Telephone Number of Outlook Customer Service Number and Outlook Technical Support Phone Number. Outlook Phone Number Outlook Toll Free Number Outlook Tech Support Number Outlook Technical Support Number, Outlook Helpline Number Outlook Customer Service Outlook Tech Support Outlook Help Desk Outlook Technical Support Service Number Outlook Customer Support Number Outlook Contact Number Outlook Support Number Outlook Customer Support Outlook Customer Care Outlook Technical Support  Number Outlook Tech Support Number Outlook Helpline Number Outlook Help Desk Number Outlook Help Number Outlook Customer Service Number Outlook Customer Support Toll Free Number Outlook Toll Free Helpline Number Outlook Helpline Number USA Outlook Helpline Number Canada Outlook Toll Free Number Austin Outlook Helpline Number Cali",,,2018-10-09T01:05:08.739806,,,,SE,{NULL},,how-to-contact-outlook-customer-service-phone-number,https://media.licdn.com/mpr/mpr/shrink_200_200/AAEAAQAAAAAAAAmLAAAAJGNmODkxMzNjLTdiZTEtNDFiYi1hMTI2LTliNzJiODk4MzZjZQ.png,,2018-10-09T01:05:08.739806,,,,,,,,
40769785,Boring Collection,https://www.boringcollection.com/,,,boringcollection.com,,"Amsterdam, North Holland",2,2022-08-27T23:39:57.133475,38,C,P,,"{99,NULL}",,boringcollection,https://media-exp1.licdn.com/dms/image/C4E0BAQFvev3mAJqgog/company-logo_200_200/0/1563437645853?e=2147483647&v=beta&t=a9mZGmp5yKqI8UfTtqLDO-5opopsM3PeMlUszyYXaCg,e8ec7d7e-f8e2-44b7-cfec-553a7cbbaafd,2021-04-12T10:24:03.658279,,,99,1757936505,NL,,,
3798932,Lusid Technologies,http://lusid.biz,,,lusid.biz,"Lusid Technologies is dedicated to supplying state-of-the-art product technology to the OEM, Fleet, Automotive and Light Industrial marketplace. Our Northstar™ products are automotive quality tailored to meet Fleet and OEM application requirements. Lusid’s research and development laboratory, coupled with our Sales Team, work diligently to ensure suitable applications for our customer needs. Our continuing rapid sales growth fuels our mission and is a testament to its success. We invite you to join this effort and work with Lusid. We are meticulous and determined in our efforts to deliver the finest paint products for the future with passion and integrity.",Kearns,,2016-10-17T15:05:52,44,D,C,US,{54},,lusid-technologies,,,2016-10-17T15:05:52,"{1893657,1748917,1893658}",,54,,,,,
65917939,Galeria Superfície,http://galeriasuperficie.com.br,,,galeriasuperficie.com.br,"Galeria Superfície is a museums and institutions company based out of 240 R. Oscar Freire - Jardim Paulista, São Paulo, Brazil.",São Paulo,1,2022-08-29T05:37:41.310542,,,,,{37},,galeria-superfície,,,2021-05-08T16:24:26.356438,,,37,1759236202,BR,,,
-898360329,MSNJ & Associates,,,,,"MSNJ &amp; Associates | 17 followers on LinkedIn. Tech Enabled Consulting firm - Quick delivery, efficient solution, dedicated expertise and robust support | MSNJ &amp; Associates is an emerging consulting firm lead by young professionals focusing on delivering services to realize value to clients using innovative technologies. 
We provide multidisciplinary services in areas such as Audit &amp; assurance, Direct tax, Indirect tax, Compliance Management and Business Advisory to clients across various industries. 
Our company has expertise in quick delivery, efficient solution, dedicated expertise and support across all front to our customers.",,3,2020-11-16T16:52:58.090951,,,,,{NULL},,msnj-associates,https://media-exp1.licdn.com/dms/image/C510BAQEMw1CTbcrmmA/company-logo_200_200/0?e=2159024400&v=beta&t=BOXeYGNKae6FcSMJQuC43ryF7-nLsdpET9NWItxgPGg,b8313b94-4db6-52a1-5596-066a250eb3e6,2020-11-03T23:33:34.517192,,,,,,,,
-957542873,Les Dames d'Escoffier Kansas City Chapter,,,,,"Les Dames d&#39;Escoffier Kansas City Chapter | 5 followers on LinkedIn | We are a philanthropic organization of women leaders in the fields of food, fine beverage and hospitality. | LDEI-Kansas City is a non-profit, 501(c)3 organization, a chapter driven association. Membership is by invitation only and new members are selected by our individual members and our members abide by LDEI’s bylaws. There is an international board of directors, a council of delegates, and a management association serves as the administrative director.",,,2020-11-27T20:04:08.289701,,,,,{NULL},,les-dames-d-escoffier-kansas-city-chapter,https://media-exp1.licdn.com/dms/image/C4E1BAQGJ0mIEYviGng/company-background_10000/0?e=2159024400&v=beta&t=mT996umQoa65pp47CE9fOhzPtibSf-v5Nzzj5wXV5gw,7f290617-72df-1f9a-4be3-7b3f21ca0b71,2020-11-27T20:04:08.289701,,,,,,,,
2533806,Doosan Colombia,http://doosancolombia.com/,Machinery,,doosancolombia.com,"Doosan suministra máquinas de categoría mundial construidas para ofrecer durabilidad, facilidad de mantenimiento, confort y eficiencia de combustible.
Las Excavadoras  y los Cargadores Doosan combinan una excelente movilidad con elevados niveles de productividad, fiabilidad y rendimiento.Doosan incorpora en cada maquina valores fundamentales como reduccion de costos de funcionamiento, fiabilidad, durabilidad, comodidad, seguridad del operador y facilidad de mantenimiento.
Doosan Colombia  le provee al cliente un portafolio de productos amplio que se ajusten a todas sus necesidades. Ofreciendo Excavadoras, Excavadoras de Llantas, Cargadores de LLantas, Mini Excavadoras, Mini Cargadores,Maquinaria pesada, Maquinaria de construcción y Minicargadores en todo el pais.",,,2022-07-17T18:49:45.724278,176,C,C,,"{55,NULL}",,doosan-colombia,https://media-exp2.licdn.com/dms/image/C560BAQECoslxgDsEyA/company-logo_200_200/0/1519910697977?e=2147483647&v=beta&t=gYwtg5AN6nyMrglFbQzgWupNdYz6N84QbLeicQk4Vc4,26343b6c-a158-a6db-43d9-265b3eafd9a5,2017-04-13T14:54:36,{575045},,55,1727010301,,,,
28369621,Mvodontologia,http://mvodontologia.com.br,,,mvodontologia.com.br,Mvodontologia is a company based out of Brazil.,,1,2022-06-24T00:26:00.011827,,,,,{NULL},,mvodontologia,,,2021-07-26T07:02:10.843996,,,,1715799344,BR,,,
70391211,Rarefied Heir,,,,,,,2,2022-07-17T18:49:47.276466,,B,P,,{130},,rarefied-heir,https://media-exp2.licdn.com/dms/image/C4E0BAQG1DjOY3lXJJQ/company-logo_200_200/0/1608068187643?e=2147483647&v=beta&t=A5SUlW6KpTtDyCmpUC9-r3UJtfMIFBq_8x0avFmEy4M,aff6ad48-d7c7-4b00-93a3-a9a8c19821e0,2021-03-30T18:24:49.807762,,,130,1727010321,,,,
68233826,InfraHire Group Inc,http://www.infrahire.com,,2020,infrahire.com,"InfraHire Group Inc help companies leverage the potential from digital technologies like AI, automation, and Cloud. And because we understand that our clients business needs come first, our large global team of consultants work flexibly to deliver results, be it advisory or end-to-end execution. Connecting talented people to companies in need of their skills is at the very heart of what we do.

We help people ditch the script on the old ways of thinking and make the people-work connections that enable the growth job seekers and employers are striving for.","Morrisville, North Carolina",4,2022-08-27T04:35:34.977362,43,C,P,,"{104,NULL}",,infrahire-group-inc,https://media-exp1.licdn.com/dms/image/C4E0BAQFSjxelMwzrKA/company-logo_200_200/0/1593743430749?e=2147483647&v=beta&t=VHdzghRsacarvUu4EHiI45dqBPzJzMBLJvG2Ihj0ABs,7ffeb127-bf7e-7f80-bcb9-8bf884320f37,2021-05-03T09:56:32.759339,"{27232,1604,9782797,9782798}",,104,1757147552,US,,,
1587987,Travertine Sp. z o.o.,www.travertine.com.pl,Wholesale,2007,travertine.com.pl,"The Company deals with with import and the distribution of porcelain tiles and also the finishing materials to flats, the offices and also the service of investment. You can you find our products in about 150 points of sale in whole Poland - www.travertine.com.pl",,,2015-05-29T23:56:01.979368,12,B,P,,{133},,travertine-sp.-z-o.o.,,,2015-05-29T23:56:01.979368,,,133,,,,,
1044823,ChronoPrism Ltd,www.chronoprism.com,Computer Software,,chronoprism.com,"Database Applications, Systems Integration and IT Solutions",,1,2017-06-05T00:34:48.943966,10,B,P,IE,{4},,chronoprism-ltd,,,2017-02-25T02:35:13,{},,4,,,,,
10743811,Layalinaprivee,,,,,"Layalinaprivee is a company based out of 3 Beauchamp Place, London, United Kingdom.",London,,2022-06-27T21:20:05.180249,,,,,{NULL},,layalinaprivee,,,2021-07-26T07:02:10.852717,,,,1719108035,GB,,,
-2113709655,Tymar Industries Inc,,,,,了解Tymar Industries Inc的工作环境。立即免费加入领英。看看您认识哪些Tymar Industries Inc员工，利用人脉力量，成功应聘职位。,Watsonville,,2018-10-25T12:39:58.519415,,,,LU,{NULL},,tymar-industries-inc,https://static.licdn.com/sc/h/ck48xrmh3ctwna0w2y1hos0ln,d4223fcd-ef3d-fca6-0a57-fe0f33857e0b,2018-05-23T13:42:31.174804,,,,,,,,
4718138,Soaring High Inc,http://www.soaringhighinc.com/,,2004,soaringhighinc.com,"Muhammad Ijaz Haider is the founder and CEO of Soaring High, Inc. which was established in 2004. Ijaz is a man with a vision who gained great experience in the aviation industry for 27 years as an Aerospace and Logistics Engineer. Throughout the years he traveled around the world and exposed himself through different facets in the aerospace industry; from maintenance levels to warehousing internationally. His passion for Aviation flourished when he formed Soaring High GT LLC at U.A.E in 2011, to provide better customer services in the Middle East and South Asia regions.
Soaring High is a Multi-National Company that has become a one stop Distributor and Representative of Specialized Aviation where we provide high performance hardware and equipment for aerospace, electronics, defense and engineering industries for South East Asia & Middle East. Our company has agreements with world renowned OEMs, Stocking distributors and authorized OEM repair centers to market a diverse and wide range of products and MRO services in the region. Products in relation to Aerospace, Industrial, Oil & Gas, Avionics, Mechanical, Textile and Food industries. 
SH is committed in providing accurate and crucial aviation and industrial products thus ensuring a successful delivery in measured time and ranking his company to be world class leader in parts and equipment distribution. We value our treasured customers and keep a continuous self-evaluating system that keeps us up dated with what the customer wants. As a company we believe in an aggressive approach towards finding quick solutions to all the problems a customer may face.","Islamabad, Capital",13,2022-08-27T04:35:35.249143,88,C,P,PK,"{52,94,NULL}",,soaring-high-inc,https://media-exp1.licdn.com/dms/image/C560BAQEguo6QtkrqBQ/company-logo_200_200/0/1519864390739?e=2147483647&v=beta&t=9TWY5E7DfFBRiAgZWjMv7wf07ry3CEzw7EEmadD71wU,3c79c12d-c945-c84c-42bd-a13d091dd128,2017-05-05T10:59:23,"{1678371,1678372,1678373,471843,1678374,1678375,403361}",,52,1757147555,PK,,,
679196,The EDI Marketing Group,www.edimktg.com,Marketing & Advertising,,edimktg.com,EDI is a buying group and marketing cooperative that serves the foodservice equipment and smallwares industry.,,4,2022-07-24T06:56:51.361191,7,B,P,US,"{80,NULL}",,the-edi-marketing-group,https://media.licdn.com/dms/image/C4D03AQEY8mpQdIkQGg/profile-displayphoto-shrink_100_100/0?e=2159024400&v=beta&t=AMJAMGVYXK2ZdKLkZt24QxrvrYT4HwpZjrpRnubfKaw,c5f44a15-97db-54b4-13bd-0b7ab360e053,2017-03-25T16:48:10,{},,80,1730588867,US,,,
-627391257,BURGASSI S.R.L. IN LIQUIDAZIONE,,,,,深入瞭解在BURGASSI S.R.L. IN LIQUIDAZIONE的工作情況。立即註冊！善用您在BURGASSI S.R.L. IN LIQUIDAZIONE的人脈，尋找理想工作！,,,2019-01-12T23:59:56.413231,,,,,{NULL},,burgassi-s.r.l.-in-liquidazione,https://static.licdn.com/sc/h/ck48xrmh3ctwna0w2y1hos0ln,d4223fcd-ef3d-fca6-0a57-fe0f33857e0b,2018-08-04T00:31:38.446797,,,,,,,,
9223168,Uminum Systems - Sistemas de Injeção para Termoplasticos,http://www.uminum.com.br,,2014,uminum.com.br,"A Uminum Systems é uma empresa especializada no fornecimento de soluções em sistemas de injeção para termoplástico.
Prestamos a nossos clientes serviços de assistência técnica, manutenção e acessoria para melhorias, métodos e processos de fabricação além de desenvolvimento de novos sistemas.
Somos uma empresa nova no mercado, porém contamos com uma equipe qualificada com grande experiência no ramo.
Desenvolvemos uma metodologia de trabalho prática e eficaz, nosso objetivo é não apenas ser um fornecedor de sistemas de câmara quente, mas atuar como parceiro de nogócio, trabalhando com o cliente num todo, desde o projeto até a produção, prezamos pelo  atendimento rápido com qualidade, para atender o mais rápido possível a necessidade do cliente.  
Realizamos atendimento e manutenção em câmara quente, seja ela nacional ou importada.
Nossa fábrica está localizada em Caxias do Sul e disponibilizamos  técnicos e vendedores para atendimento no Rio Grande do Sul, Santa Catarina e","Caxias do Sul, RS",15,2022-08-27T04:35:35.641867,205,B,P,BR,"{117,NULL}",,uminum-systems,https://media-exp1.licdn.com/dms/image/C4D0BAQFpx_3XvH8eQQ/company-logo_200_200/0/1630693586340?e=2147483647&v=beta&t=y_RemPImDV70Wt9O5dK4czmDA-1ZIHmpz2rbgNAWPVQ,e45eb16f-7301-dc6d-9555-839c7819e578,2017-05-11T03:40:21,"{3901270,3901271,3901272,3901273,3901274,3901275}",,117,1757147556,BR,,,
3600208,"Kathy Lipscomb Interior Design, LLC",,,,,,,,2022-07-17T10:02:30.478599,0,,,,{NULL},,kathy-lipscomb-interior-design-llc,,,2016-09-05T00:36:02,{},,,1726701634,,,,
3791838,Aksarben Innovation Initiative,http://www.aksarbeninnovation.org,,2014,aksarbeninnovation.org,"The Aksarben Innovation Initiative (Aii) is a collaborative effort aimed at helping to further develop and drive innovation and entrepreneurship in the greater Omaha metropolitan area as well as the great state of Nebraska. We operate out of Great Scott Labs in Aksarben Village and are partnered with the Scott Technology and Data Center, Maverick Innovations, the University of Nebraska Omaha and the Aksarben Discovery Fund.",,2,2020-04-01T04:58:17.163175,17,B,N,,"{70,NULL}",,aksarben-innovation-initiative,https://media.licdn.com/dms/image/C560BAQFBMr5igR7lzw/company-logo_100_100/0?e=2159024400&v=beta&t=jO2EQbcWnw0G4kGYHqyYcON2VhLW0kdgp-c5hIqY9Dg,682eeda8-5f15-996a-301e-3e65acd0913a,2017-03-15T00:51:05,{},,70,,,,,
1300055,Inuit Internet Diensten,https://www.inuit-internet.nl,Internet,2009,inuit-internet.nl,"Inuit levert frisse, betaalbare Internet diensten  aan het MKB. Wij zijn op ons best wanneer met een relatief beperkt budget tóch een mooi resultaat geboekt moet worden. Inuit staat dan ook voor de combinatie van betaalbaarheid en kwaliteit.

Inuit werkt graag samen met ondernemende mensen die ideeën hebben en nieuwe ideeën verwelkomen. Wij willen graag ter plekke kijken naar hoe uw ‘business’ eruitziet en begrijpen welke zaken echt belangrijk zijn binnen uw tak van sport. Zo nodig zullen wij ons werk op uw locatie doen om voeling te kunnen houden met uw werkomgeving.

Inuit staat voor flexibiliteit. Veel kan, maar u bent tot niets verplicht. We zullen altijd proberen de meest optimale maatwerk oplossing te bieden.",Uden,1,2022-06-26T12:51:37.703375,4,A,C,,"{6,NULL}",,inuit-internet-diensten,https://media-exp2.licdn.com/dms/image/C560BAQFaqE4DcfCDxg/company-logo_200_200/0/1519910580125?e=2147483647&v=beta&t=KoO6qKD5xq3Fei9wH9TGBCseHj3qGZizyVNbaAXozTM,a2953995-ec3b-b365-be39-2cd41cc86f23,2017-02-05T18:18:33,"{2102505,2102506,2102507,2102508,2102509,186161,38109,1424362,15713,84420,615986}",,6,1718121926,NL,,,
-1658560832,NOISIV AGENCY,,,,,"NOISIV AGENCY | NOISIV AGENCY is a civic &amp; social organization company based out of PO BOX 751, Mansfield, Texas, United States.",,,2020-11-26T14:41:39.453848,,,,,{NULL},,noisiv-agency,,,2020-11-26T14:41:39.453848,,,,,,,,
-2116329395,Pure Azul Beverage Company,,,,,Pure Azul Beverage Company | 90 followers on LinkedIn | Makers of the first all-natural sparkling tequila drink,,6,2020-12-24T11:33:36.960764,97,B,,,"{34,NULL}",,pure-azul-beverage-company,https://media-exp1.licdn.com/dms/image/C4E0BAQHSiiyJFpCczQ/company-logo_200_200/0/1537400332240?e=2159024400&v=beta&t=xLXVnZ04U0Qylc67pnqdG92rED1fdwCZlymw9xfWlhw,7c499582-607f-f62a-87bd-e6ec220d8f3c,2018-10-25T12:39:58.807991,,,34,,,,,
2299358,"Holdzit Products, Inc",,,,,,,1,2022-07-27T14:05:47.586637,0,,,,{NULL},,holdzit-products-inc,,,2016-09-22T20:03:53,{},,,1733252203,,,,
18844243,Push the Envelope,http://www.pushtheenvelope.se,,2018,pushtheenvelope.se,"Pushing the envelope means to go further, beyond set limits and boundaries often by adopting new and radical ideas. 

We add value and help you exceed your goals whether it be by implementing change to achieve operational efficiency, strengthen your market footprint or innovating on your existing business model.","Bromma, Stockholm County",2,2022-09-01T04:17:53.414368,51,B,P,,{11},,push-the-envelope,https://media-exp1.licdn.com/dms/image/C560BAQEnPWwlVzTmEQ/company-logo_200_200/0/1538838223481?e=2147483647&v=beta&t=TQZS8HB56j76QK9BSDTNI1i9g0Qbi1RCdzf3CbQZ7xg,725fccf9-acf0-8c37-1b66-bb6e1aa29469,2021-07-02T02:12:21.001364,"{85642,6550,13024,8315}",,11,1762055121,SE,,,
10301713,Regina Leader Post Advertising Department,http://www.postmediaadvertising.com/audience/brand/regina-leader-post/,,,postmediaadvertising.com,"A bold transformation of news media, the Regina Leader Post has changed how it creates and delivers content to audiences focusing on local news and platform-driven storytelling.",,,2020-08-05T19:01:40.331165,17,,,,"{80,NULL}",,regina-leader-post-advertising-department,,,2017-04-13T23:50:52,{},,80,,,,,
-1761906648,Gold Grid Studios,http://www.goldgridstudios.com,,,goldgridstudios.com,"Gold Grid Studios | 7 followers on LinkedIn | We are Chicago&#39;s premier corporate photography team, specializing in events and authentic headshots. | Based in Chicago, Illinois, Gold Grid Studios is a commercial photography studio specializing in corporate events and professional headshots.

With a background in branding, we approach our clients’ needs with a refreshing depth of understanding, sure to make your company’s photos more successful than ever before.",,2,2021-02-17T09:26:00.037653,7,,,,{NULL},,gold-grid-studios,https://media-exp1.licdn.com/dms/image/C4E0BAQHdB-lP2heDEg/company-logo_200_200/0/1553027599118?e=2159024400&v=beta&t=-VJQq_RnrN-wV0Dm-Pv10Wue-RG6Zgqxwb6uDh_1rUA,dd36d30c-289b-9cb2-ecf4-3add3dc63089,2020-01-22T17:47:05.579371,,,136,,,,,
17953082,Med Cons Eğitim Merkezi,http://www.medconsakademi.com,,2009,medconsakademi.com,"2009 yılında, firmalara; tüm yasal ve sosyal sorumluluk eğitim ve hizmetlerinin tek bir çatı altında verilmesi amacıyla kurulduk.
 
Kurulduğu günden bu yana profesyonel kadrosu, uzman çalışanları ile sayısız kuruma hizmet verdik.
 
  2014 yılında İstanbul’da büyüyen yapımızı, daha kurumsal bir organizasyon ile yönetmek için Med Cons Eğitim Merkezi ismi ile yolumuza devam etme kararı aldık. Med Cons İlk Yardım Eğitim Merkezi olarak, İlk Yardım Eğitimeni Belgesine sahip 20’nin üzerinde Hekim, Hemşire, Sağlık Eğitim Uzmanlarından oluşan eğitmen kadrosuyla hizmet veriyoruz.","İstanbul, Kadıköy",,2022-06-26T12:51:37.490008,7,C,D,TR,{10},,med-cons-eğitim-merkezi,https://media-exp2.licdn.com/dms/image/C4E0BAQHW34vwHD_NNw/company-logo_200_200/0/1519871391290?e=2147483647&v=beta&t=s6Y5DlImFVUh46AR3K1S648VcEpdjZ7KB-OERrzPDr8,8886c9b0-953a-b1b3-6f6b-ecbe043657f7,2017-04-11T01:35:02,"{1041120,9617132,3234046,2061083,9617133,4963607,9617134,829118,9617135,413287,1041124,374614,665396,613920,9617136,9617137,1041122}",,10,1718121924,TR,,,
55771956,"NILEWOOD ENTERPRISES, LLC",,,2002,,"NILEWOOD ENTERPRISES, LLC is a company based out of 1416 GRAYBAR LN, Nashville, Tennessee, United States.","Nashville, Tennessee",1,2022-07-31T17:56:11.573819,2,C,,,{NULL},,nilewood-enterprises-llc,,,2021-05-07T20:02:44.088948,,,,1738377403,US,,,
1745224,Lavelle Tenant Liaison,,,,,,,,2022-07-12T17:15:46.823444,0,,,,{NULL},,lavelle-tenant-liaison,,,2016-09-09T03:11:54,{},,,1723773926,,,,
-1312245817,"Association des copropriétaires Résidence Du Midi, rue de l'Enseignement, 125-127 et boulevard du Midi à Fontaine l'Evêque",,,,,"了解Association des copropriétaires Résidence Du Midi, rue de l&#39;Enseignement, 125-127 et boulevard du Midi à Fontaine l&#39;Evêque的工作环境。立即免费加入领英。看看您认识哪些Association des copropriétaires Résidence Du Midi, rue de l&#39;Enseignement, 125-127 et boulevard du Midi à Fontaine l&#39;Evêque员工，利用人脉力量，成功应聘职位。",Fontaine-l'Evêque,,2019-07-08T05:26:59.095013,0,,,CN,"{17,NULL}",,association-des-copropriÃ©taires-rÃ©sidence-du-midi-rue-de-l'enseignement-125-127-et-boulevard-du-midi,https://static.licdn.com/sc/h/9qf1dv558e0hwesyramnew9nu,a46a7fed-dacc-37c2-69a2-f98beb5f62ea,2018-05-04T10:52:25.803255,,,17,,,,,
8586594,ONE SQUARE INCH LIMITED,http://www.ownapieceofamerica.com/,,,ownapieceofamerica.com,"ONE SQUARE INCH LIMITED is a photography company based out of 5 ROCKLANE LISCOMBE PARK, SOULBURY, BUCKINGHAMSHIRE, United Kingdom.","SOULBURY, BUCKINGHAMSHIRE",,2022-06-26T12:51:38.66029,0,,,GB,{136},,one-square-inch-limited,,,2017-02-27T06:47:04,{},,136,1718121929,GB,,,
3746698,On Behalf,http://www.onbehalf.com.au/,Marketing & Advertising,2015,onbehalf.com.au,"I work freelance for a range of international clients and confidently cover all UX disciplines. I have a thorough understanding of the delivery process, including the functional and technical specifications. I have created the IA and lead the UX strategy for large international projects and I am fluent in creating complex wireframes and prototypes. I have lead user testing and managed projects with budgets varying in size from $10k to $1million+. I have been a long term advocate promoting Usability and Accessibility within Government.",,,2016-10-11T20:46:39,4,A,E,,{80},,on-behalf,,,2015-05-30T00:10:40.499244,"{37820,6377,9946,10954}",,80,,,,,
70859098,Prairie Vale Elementary School,http://prairievale.org,,,prairievale.org,"Prairie Vale Elementary School is a company based out of EDMOND, OK, United States.","EDMOND, OK",,2022-08-28T19:14:15.485529,,,,,{NULL},,prairie-vale-elementary-school,,,2021-04-25T22:45:24.32849,,,,1758833375,US,,,
-415911022,MQB S.r.l.,,,,,"En savoir plus sur l’actualité professionnelle de MQB S.r.l.. Inscrivez-vous sur LinkedIn gratuitement. Découvrez qui vous connaissez chez MQB S.r.l., utilisez votre réseau professionnel et soyez recruté(e).",,,2018-10-20T06:41:37.241753,,,,LU,{NULL},,mqb-srl,https://media.licdn.com/dms/image/C4E0BAQFb7fwW1-1LAA/company-logo_200_200/0?e=2159024400&v=beta&t=TX1kogVAM89FmH_v3kyi5IX8FOlZwOye6C8CXrRLXHw,b903b67e-bd38-605f-10a4-d60d0181b12e,2018-06-17T12:55:18.955212,,,,,,,,
-1453560045,Flourishing Leadership Institute,,,,,了解Flourishing Leadership Institute的工作环境。立即免费加入领英。看看您认识哪些Flourishing Leadership Institute员工，利用人脉力量，成功应聘职位。,,,2018-10-09T03:02:00.671179,,,,CN,{NULL},,flourishing-leadership-institute,https://media.licdn.com/dms/image/C510BAQGSBwKb3hQWlA/company-logo_200_200/0?e=2159024400&v=beta&t=2E2xa19Dh4zaV_Ym7-tuTPp72VgaTHcrOoPNCUeTvV0,37572e53-9b3c-e66b-858b-4cb4a700af75,2018-10-09T03:02:00.671179,,,,,,,,
-1312409182,"BOLGRIEN, KOEPKE & KIMES, S.C.",,,,,"BOLGRIEN, KOEPKE &amp; KIMES, S.C. | 4 followers on LinkedIn. BOLGRIEN, KOEPKE &amp; KIMES, S.C. is a law practice company based out of 542 E. GRAND AVE., BELOIT, Wisconsin, United States.","BELOIT, Wisconsin",4,2021-01-28T06:07:52.411579,4,,,,"{9,NULL}",,bolgrien-koepke-&-kimes-s.c.,https://static-exp1.licdn.com/sc/h/7kn6tg2e0ek9dhugj8l8t4dgg,7fecb58c-0ab6-efb6-45c8-fc101290ca20,2018-07-18T19:34:20.645794,,,9,,,,,
-1312152122,Coyne & Associates Limited,,,,,"Coyne & Associates is a boutique recruitment company focused on business critical & tactical senior finance hires.  Supporting its customers to adopt a strategic rather than operational approach to hiring, the business was founded by Steve Coyne.    With its level of service differentiation based on an inch wide mile deep concept, Coyne & Associates operates a consistent candidate led approach to market.  We work with customers to make a step change in the diversity of talent recruited, retained and progressed in their respective companies.      We also support senior finance professionals to shape and frame their individual career journeys providing in depth consultation and specialist market knowledge.  Our approach allows us to pose better questions, provide better answers and deliver longer lasting results.  Coyne & Associates provides a core three pillar offering ...     EXPERIENCED HIRES  EXECUTIVE SEARCH  BUSINESS ADVISORY    Bringing support to workflow management, turnaround business initiatives, bus",,,2018-07-19T19:39:26.731193,,,,,{NULL},,coyne-&-associates-limited,https://media.licdn.com/dms/image/C560BAQF6OIyVx8Llmw/company-logo_200_200/0?e=2159024400&v=beta&t=TTg8gb8h89Zk_kZyRLZNWGEEop5E5pBmX18DgsVYohE,914fd331-e6c8-111f-9b0c-04be7c552804,2018-05-04T12:02:48.764322,,,,,,,,
-1410680102,M & N Servicos Contabeis,http://mnnews.com.br,,,,"M &amp;amp; N Servicos Contabeis | 4 followers on LinkedIn | M &amp; N Servicos Contabeis is an accounting company based out of R Torres Camara, 283, Sala 07, Fortaleza, Ceará, Brazil.",,3,2021-03-16T22:47:58.644672,5,,,,{NULL},,m-&-n-servicos-contabeis,https://static-exp1.licdn.com/sc/h/9rxpcj33wtsq3w7nxb3u3ku6e,,2020-06-25T16:03:08.568586,,,,,,,,
-1161856637,O-NYX Gestion Immobilière Inc.,http://www.o-nyx.ca,,,,"O-NYX Gestion Immobilière Inc. | 54 followers on LinkedIn | Société d&#39;investissement immobilier privé
Commercial | Industriel | Résidentiel | Société de partenariat d&#39;investissement immobilier et de capital privé
Immobilier commercial, industriel et résidentiel
Optimisation immobilière",,2,2020-10-22T11:05:51.516516,96,B,,,"{128,NULL}",,o-nyxcapital,https://media-exp1.licdn.com/dms/image/C4D0BAQHbRJGcUlJ91A/company-logo_200_200/0?e=2159024400&v=beta&t=Jj0aDeD5Ja_rbi-7SOl-l0AsPt38s5QQE_lpbPyhHR0,6685115c-a5fd-a108-f792-6648b6b510a0,2018-10-09T02:44:28.668442,,,128,,,,,
1128852,"MedPay Assurance, LLC",www.medpayassurance.com,Legal Services,2005,medpayassurance.com,"Merging law and medicine to maximize recovery. MedPay Assurance is a premier third party liability collections firm staffed by highly qualified legal and medical billing professionals. Our sole focus is getting more money faster. MedPay Assurance, LLC specializes in reimbursement of medical accounts involving:* Automobile Accidents * Burns* Catastrophic Injuries* Worker's Compensation* Slip and FallsAdditionally, the attorneys of MedPay Assurance, LLC can assist with any health insurance dispute or other large balance collections matters.",,,2014-07-25,19,,,,,,,,,2014-05-25,,,10,,,,,
-1615423609,Estruturas Metálicas - Metal Structures,,,,,"Projecto, fornecimento e montagem de estruturas metálicas.
Designing, supplying and assembling of metal structures.",,,2020-01-22T18:05:47.866919,,,,,{99},,estruturas-metà¸£à¸licas,https://media.licdn.com/mpr/mpr/shrink_200_200/AAEAAQAAAAAAAAQLAAAAJDUzZWQ0OTY5LTMwY2QtNGIyMC1hMGI0LTMzOTE2ZTgyMTUwOQ.png,,2020-01-22T18:05:47.866919,,,99,,,,,
8783391,JP3D LIMITED,,,,,"JP3D LIMITED is an animation company based out of 35 King St, Bristol, England, United Kingdom.","Bristol, England",,2022-06-24T07:52:02.10519,1,B,,GB,{127},,jp3d-limited,,,2017-03-09T21:14:49,{},,127,1716027047,GB,,,
13221424,RapidFunnel Inc.,http://www.rapidfunnel.com,,2013,rapidfunnel.com,"RapidFunnel Inc. | 267 followers on LinkedIn. Discover what you can REALLY build when you add the unique power of Authentic Sharing Technology to your organization!  | Imagine the possible growth - if every single person in your organization could easily talk to anyone; and instantly share engaging marketing resources that tell your company story, from their own device...

Or maybe you're a coach, or trainer who needs a better way to leverage the power of a subscription based platform business - for yourself and your clients! 

Relationship marketing offers the highest quality leads you can get - period.","Littleton, Colorado",50,2022-08-27T04:35:35.986462,369,D,P,,"{4,46,80,NULL}",,rapidfunnel,https://media-exp1.licdn.com/dms/image/C560BAQHGzT5msvmXgg/company-logo_200_200/0/1519894336396?e=2147483647&v=beta&t=TmvQprZluNi5NRLsLkNKg43M6JryBJDFG12kY7yLMjg,77776956-0b0b-3205-8742-4157a9e9561b,2017-04-18T14:05:08,"{39663,30508,8589,401372,621981,213672,659717}",,4,1757147557,US,,,
55815137,Cloud 9 Weddings & Papers,,,,,"Cloud 9 Weddings & Papers is a company based out of 821 SANTA FE DR, Denver, Colorado, United States.","Denver, Colorado",3,2022-08-29T02:33:34.087337,1,C,,,{NULL},,cloud-9-weddings-&-papers,,,2021-04-02T13:02:44.754342,,,,1759112314,US,,,
8416479,SD CONTROLS LTD,http://www.sdcontrols.ltd.uk/,,,sdcontrols.ltd.uk,SD CONTROLS LTD is an oil & energy company.,TYNE AND WEAR,,2022-07-31T22:13:23.259034,0,B,,,{57},,sd-controls-ltd,,,2017-03-13T15:13:06,{},,57,1738699633,,,,
13330133,"N&T Novelty Co.,Ltd",http://www.novastalk.com,,,novastalk.com,"N&T is a global leader in international trade. Our mission is to utilize our originality, flexibility, and foresight as tools through which we create new added value and contribute to the realization of an enriched novelty market. It is the basis for what we all stand for as one company and it guides the choices and decisions our employees make every day.

Here at N&T, our employees excel in creating a place where you can find marvelous products from all kinds of types for your projects, both large and small. As specialist to product sourcing and trade consulting for global markets, we facilitate trading partnerships between factories and customers across the world. N&T provides its customers with unparalleled distribution support. With access to a network of 4000 factories in China, we offer a wide range of business services to more than 1000 existing customers in North America, South America, and Europe. Because of our ability to leverage vertical and horizontal integration.

Our main operation is the export sales of novelties, going far beyond one’s expectations of traditional items, and we focus on the originality of the product. We began from a factory of gift supplies, with expansion came opportunities to provide more comprehensive services to satisfy the complex ever-increasing needs of a young and modernizing distribution center, we have partnered and worked closely with multiple producers. We conduct periodic inspections at the production site, this allows us to provide a steady supply of safe and reliable products to our customers. Now our product lines include home decorations, electronics, office essentials, travel gear, stationery sets, giftwares, toy crafts, lighting effects, household items and much more. In the future to come, we'll continue to build on our global success.",,,2022-08-15T23:12:11.523727,,E,S,,{133},,novastalk,https://media-exp1.licdn.com/dms/image/C560BAQGCK6K74DcJdA/company-logo_200_200/0/1519872468985?e=2147483647&v=beta&t=_sZrIDSf98Zar4yyX_Ju1Fe2G5fbMygGAYfbRJaBW24,514cb66a-5749-dab4-5fb9-07f4d19ab6d1,2021-04-29T09:23:30.873373,"{44136,9333,49741,49022,9325953,39593,16640,39959}",,133,1744296096,CN,,,
-352782669,APdate card solutions,,,,,"Erfahren Sie mehr darüber, wie es ist, bei APdate! card solutions zu arbeiten. Melden Sie sich noch heute bei LinkedIn an – völlig kostenlos. Entdecken Sie, wen Sie bei APdate! card solutions kennen, nutzen Sie Ihr berufliches Netzwerk und finden Sie in diesem Unternehmen eine Stelle.",München,3,2019-10-10T12:39:02.365514,7,,,DE,"{3,NULL}",,apdate,https://media.licdn.com/dms/image/C4D0BAQHQ-o5XJjUqWQ/company-logo_200_200/0?e=2159024400&v=beta&t=9U32XNLFUoUde8OTkpe_XGkcYwbR5ieJDsD634AIW-4,dae0823b-5312-37ff-9ff2-35a20b4abb5a,2018-05-20T03:27:59.978329,,,3,,,,,
43330352,Agroturystyka Barnilka,http://www.barnilka.com,,2011,barnilka.com,"Barnilka – a Lemko name of a lodge, originating in the surname of Barna, Lemko landowners from the past who held the land we built up a home on.","Gmina Ropa, Małopolskie",,2022-08-31T20:42:59.978572,8,B,P,,{31},,barnilka,https://media-exp1.licdn.com/dms/image/C4D0BAQGLxJd9M_Io5g/company-logo_200_200/0/1587313504616?e=2147483647&v=beta&t=dIK14KFb7d34wWL3YEFIg2x94SKh541qHBlSKpnulsY,ea2c7909-e687-95ee-1e17-5485c25355e8,2021-05-03T08:48:26.661389,,,31,1761691671,PL,,,
-1631840807,Quick Car Rental,,,,,"Dowiedz się więcej o pracy w Quick Car Rental Dołącz dzisiaj bezpłatnie do LinkedIn. Zobacz, kogo znasz w Quick Car Rental, wykorzystaj swoją  sieć kontaktów zawodowych i zdobądź pracę.",Toronto,,2018-10-25T12:49:33.542428,,,,UY,{NULL},,quick-car-rental,https://media.licdn.com/dms/image/C510BAQGMU2-ggSDjsw/company-logo_200_200/0?e=2159024400&v=beta&t=k37uAinmBhrX0Ak6ywo_m8K7KwgGq_muLZ1sIjAUt_g,81001ce6-f36f-1e21-bb29-ba83c8b546e7,2018-04-30T15:58:40.90464,,,,,,,,
12574938,Artisan House Publishing,https://artisanhouse.ie,,,artisanhouse.ie,"Artisan House Connemara is a specialist publishing company creating beautifully illustrated high-quality books and bespoke publications on a richly diverse range of subjects. Food and lifestyle, photography and the visual arts, music and poetry, and all things quirky appeal to us.

Our creative approach embraces the complete cycle from concept to final delivery including editing, translation, design, illustration, photography, finished artwork and print management. This enables total oversight of the process to ensure publications of exceptional standard.

Artisan House Connemara aims to enrich people’s lives, perspectives and creativity.","Connemara, Galway",2,2022-08-27T04:35:36.871242,40,B,,,{82},,artisan-house-editions,https://media-exp1.licdn.com/dms/image/C560BAQFP-CSyjVcWmA/company-logo_200_200/0/1551908549732?e=2147483647&v=beta&t=KMxWv-6RebVuOHlsHQhBg_elzS6YinYVJgpePGYU_YA,1bbfa8b9-96f8-5949-21b1-a30fded645c0,2021-04-10T14:52:42.939431,,,82,1757147568,IE,,,
61054302,Politie Utrecht Bureau Kaap Hoorndreef,,,,,"Politie Utrecht Bureau Kaap Hoorndreef is a government administration company based out of KAAP HOORNDREEF 3, Overvecht, Netherlands.",Overvecht,3,2022-08-27T04:35:38.186805,,,,,{75},,politie-utrecht-bureau-kaap-hoorndreef,,,2021-05-09T00:06:41.625758,,,75,1757147579,NL,,,
-797063804,Les Amis d' Escoffier Societe' ~ Chicago,,,,,"Les Amis d&#39; Escoffier Societe&#39; ~ Chicago | 17 followers on LinkedIn | &quot;Good cooking is the basis of true happiness.&quot; Auguste Escoffier. Welcome to the Chicago society of Escoffier. | Les Amis d&#39; Escoffier Societe&#39;, a not for profit fraternity of true epicures and connoisseurs is dedicated to the propagation of the high standards and ethics of the culinary profession. It was created to perpetuate the memory of the great culinary master, Auguste Escoffier and was destined to become the high authority on fine dining, was founded for the purpose of promoting a better understanding and greater appreciation of the art of good living. 

The first-ever meeting was held at the Waldorf Astoria in 1936.",,,2020-11-27T20:04:16.714976,,,,,{NULL},,les-amis-d-escoffier-societe-chicago,https://media-exp1.licdn.com/dms/image/C4E1BAQGG7_Z3dTiLuQ/company-background_10000/0?e=2159024400&v=beta&t=9rE9KGuHCP7y43BJu8ZsZuY_8jlx2DgsgSjYCDGKVus,5ecaa538-2704-c00f-c181-f7ebbae330f2,2020-11-27T20:04:16.714976,,,,,,,,
3551119,PM Office,http://www.pmo.cl,,2003,pmo.cl,"PMOffice is a project management and risk analysis consultancy company based in Santiago, Chile with highly experienced professionals having more than 35 years of deep mining background. 
PMOffice serves key mining companies in Chile and South America",Santiago,22,2022-08-27T04:35:38.334561,70,B,C,CL,"{56,NULL}",,pm-office,https://media-exp1.licdn.com/dms/image/C4D0BAQHIpGMqYltQxA/company-logo_200_200/0/1519932885585?e=2147483647&v=beta&t=X8mFVFgOjYZTy8vLQHswANpyqZw74m00eTSLIoaVw9s,e3c8056d-b8e3-4da7-71cc-dc65d0b66f3b,2017-01-06T05:10:21,"{4021318,2342730,8315,2799}",,56,1757147582,CL,,,
-862055,Wonder Weddings,,,,,,Riyadh,4,2022-08-23T18:34:37.301229,,B,P,,{110},,wonder-weddings,https://media-exp1.licdn.com/dms/image/C4D0BAQFL5Wkfd7GCXQ/company-logo_200_200/0/1637663536056?e=2147483647&v=beta&t=RldsWtf2MFsznIbALpMwXfbi-hHf_dZ66G8QzgYXVdg,de699a24-eef9-9822-dea6-95c6c242304e,2022-04-21T15:28:08.802004,,,110,1754916782,SA,,,
4747798,Francis Claire Inc,,,,,"Francis Claire Inc is an education management company based out of 190 Campus Green Dr, Arnold, Maryland, United States.","Arnold, Maryland",,2022-07-26T12:37:47.138461,0,B,,US,{69},,francis-claire-inc,,,2016-10-12T00:43:08,{},,69,1732116836,US,,,
-1311849144,AUTADE CONSTRUCTION'S PRIVATE LIMITED,,,,,"AUTADE CONSTRUCTION&#39;S PRIVATE LIMITED | 4 followers on LinkedIn | AUTADE CONSTRUCTION&#39;S PRIVATE LIMITED is a construction company based out of AT &amp; POST: MANGALWEDHA,TAL: MANGALWEDHA, SOLAPUR, Maharashtra, India.",,3,2020-08-28T08:43:14.415046,4,,,,"{48,NULL}",,autade-construction%27s-private-limited,https://media-exp1.licdn.com/dms/image/C4E0BAQHeYLWRQ1yvWg/company-logo_100_100/0?e=2159024400&v=beta&t=0_VT_csA8VexY0Wo7D5uKpyuS3wLee71Qnld6yfykVM,9c142897-39f4-706f-3fee-8d823b3b84f4,2018-08-10T00:24:46.328267,,,48,,,,,
33751014,HV Air Conditioning Private Limited,,,,,Retailer of nuts bolts and screws.,"Delhi, Delhi",1,2022-06-23T15:17:34.954874,5,A,,,{112},,hv-air-conditioning-private-limited,,,2021-04-12T07:04:48.364155,,,112,1715560133,IN,,,
-705626767,Market Expertise (ME Pune),,,,,了解Market Expertise (ME Pune)的工作环境。立即免费加入领英。看看您认识哪些Market Expertise (ME Pune)员工，利用人脉力量，成功应聘职位。,Pune,,2018-10-09T03:58:39.348791,,,,CN,{NULL},,market-expertise-me-pune-,https://media.licdn.com/dms/image/C4E0BAQGtedZQlUStFw/company-logo_200_200/0?e=2159024400&v=beta&t=nXHUawUBYigblF1BH1ba8p_kPSKYVvl4ZKJL_b9hh3s,ffa58f00-297d-8d64-8442-77a1c98d4a50,2018-05-07T15:55:45.074219,,,,,,,,
657634,Property Conveyancing Services Limited,www.propertyconveyancingservices.com,Real Estate,,propertyconveyancingservices.com,"Property and Business Settlement and Conveyancing Specialists, Service excellent.",,,2014-07-21T00:55:17.049532,13,,,,,,,,,2014-05-20T10:45:40.98626,,,44,,,,,
40131978,ANALIN COSMETICS SL,,,,,"ANALIN COSMETICS SL is a company based out of AVDA SAN JOSE 44 1º D, ZARAGOZA, Spain.",ZARAGOZA,,2022-08-17T15:06:41.635847,,B,,,{NULL},,analin-cosmetics-sl,,,2021-06-28T20:51:45.775854,,,,1746578642,ES,,,
-1258537761,Packaging Personified Inc,,,,,了解Packaging Personified Inc的工作环境。立即免费加入领英。看看您认识哪些Packaging Personified Inc员工，利用人脉力量，成功应聘职位。,,,2019-01-14T16:13:22.367132,,,,,{NULL},,packaging-personified-inc,https://media.licdn.com/dms/image/C510BAQEkRNSn5PnSyQ/company-logo_200_200/0?e=2159024400&v=beta&t=thwhL4mftuPeM6ycXKw9FY9k9juVDYLspTZ6fLm_NOY,268589b5-2a43-8151-c68c-b4723bc3fec0,2018-06-02T14:20:19.424018,,,,,,,,
1590166,Matexi Group,www.matexi.be,Human Resources,,matexi.be,......................................................................................................................................................................................................,,,2015-05-30T00:23:27.637951,87,A,C,,{137},,matexi-group,,,2015-05-30T00:23:27.637951,,,137,,,,,
-914826472,Macfarlane Packaging,,,,,"Macfarlane Packaging is a leading distributor of packaging in the UK. We strive to understand the needs of our customers in order to help them to reduce costs, add value and improve efficiencies in their packaging operation.     With over 60 years of experience, we have worked with a wide range of customers across a broad spectrum of industries. This has allowed us to develop unrivalled expertise in providing successful, cost effective packaging solutions that deliver the ‘wow’ experience for our customers.    We do this by providing an extensive product range, un-biased guidance on the most effective choice of packaging and packing systems.    We supply a wide range of products across the following product groups:    - Boxes / Cartons  - Packing Tapes  - Labels  - Postal Products  - Protective Papers  - Cushioning & Void Fill Solutions  - Edge Protection  - Stretch Films  - Polythene Packaging  - Strapping  - Presentational and Retail Packaging  - Packing Machinery  - Automated Packing Systems",Coventry,,2018-10-25T13:03:15.460762,,,,GB,{NULL},,macfarlane-packaging,https://media.licdn.com/dms/image/C4E0BAQEpWZRuraDtWQ/company-logo_200_200/0?e=2159024400&v=beta&t=vEs3MLQfr7mSHixzCp8jr7qBY2aoWMV2YZuR5_zQMtc,22779c87-fc09-a65c-9a87-509e3ccdecdb,2018-05-03T20:14:46.159155,,,,,,,,
-1943895277,Exam Coordinators Network,,,,,了解Exam Coordinators Network的工作环境。立即免费加入领英。看看您认识哪些Exam Coordinators Network员工，利用人脉力量，成功应聘职位。,,,2018-11-07T21:46:19.74258,,,,CN,{NULL},,exam-coordinators-network,https://media.licdn.com/dms/image/C510BAQFR1ANPk7d4Sg/company-logo_200_200/0?e=2159024400&v=beta&t=X3xPbZAgKfVvtxAjuEbgqs1dD0r0BMxJQGhu-dq6RtY,e38de5db-6871-70cd-a438-3c3c66b5cc12,2018-07-06T06:38:32.982207,,,,,,,,
1199364,Altimate Group Belgium,www.altimate-be,Information Technology and Services,,,"ALTIMATE : the smart IT DistributorThe ALTIMATE Group is a leading European distributor of value-added Enterprise IT solutions representing €257m in global sales annually.ALTIMATE operates in six countries : Belgium, France, Luxembourg, the Netherlands, Portugal and Spain and has a Network of 2500 value added resellers, integrators and ISV partners.Established in 1994 under the name of DISTRILOGIE, ALTIMATE belongs to the financial holding company DCC (more info on: http://www.dcc.ie).The smart IT DistributorALTIMATE is close to its partners’ expectations in each country, and at their service, based on enthusiastic and professional collaborators.Our mission is to help partners develop and remain at the cutting edge by proposing a unique hardware and software portfolio and an offer of appropriate commercial and technical services.Thanks to their competence and expertise in the field of storage, data management, security and, more generally, IT infrastructures solutions, our teams accompany partners in the mastery of the most advanced technologies, defining the best solutions for their end customers, thereby contributing to their differentiation, development and, ultimately, their success.Listening to our customers and suppliers, we build up a transparent relationship of confidence with them. With our culture and core values, we are constantly on the lookout for the smart solution – intelligent, adapted, innovative – in the service of our partners.",,,2014-07-17,104,,,,,,,,,2014-05-25,,,96,,,,,
-508487141,Dr. Med. Ute Erffmeier,,,,,"Auf unseren Internetseiten möchten wir Ihnen die Möglichkeit geben, sich einen ersten Eindruck von den Praxisgegebenheiten und besonderheiten der Praxis für Innere und Allgemeinmedizin Dr. med. Ute Erffmeier und Dr. med. Friedrich-Wilhelm Erffmeier zu verschaffen.","Porta Westfalica,",,2018-10-09T04:28:19.623599,,,,IN,{NULL},,dr.-med.-ute-erffmeier,https://static.licdn.com/sc/p/com.linkedin.company-frontend%3Acompany-frontend-static-content%2B0.1.34/f/%2Fcompany-frontend%2Fscmp%2Fimages%2Fthemes%2Fkaty%2Fghosts%2Fcompany%2Fghost_company_200x200_v1.png,578524b6-0350-55b0-4905-c841eac6b7e3,2018-10-09T04:28:19.623599,,,,,,,,
5864990,JDR Computer Consulting,,,,,"JDR Computer Consulting is an arts and crafts company based out of 14102 Mountain Rd, Glen Allen, VA, United States.","Glen Allen, VA",,2022-07-31T05:54:35.149119,0,B,,US,{111},,jdr-computer-consulting,,,2017-02-15T02:37:21,{},,111,1737604200,US,,,
-341524736,Sterling Organization,,,,,了解Sterling Organization的工作环境。立即免费加入领英。看看您认识哪些Sterling Organization员工，利用人脉力量，成功应聘职位。,,,2018-10-09T04:03:38.933574,,,,CN,{NULL},,sterling-organization,https://media.licdn.com/dms/image/C510BAQGx404zOtMwsA/company-logo_200_200/0?e=2159024400&v=beta&t=UAi_I25c14Hm9IH0_yWZGsG_Vcg_kJUb3ejDUDA2-zI,7382b58f-2bad-6777-b64c-49b7506e209c,2018-05-03T21:53:21.058399,,,,,,,,
68884075,Git Desain,https://gitdesain.com/,,,gitdesain.com,"Jasa Desain Grafis yang siap meningkatkan Branding Usaha anda, telah berpengalaman lebih dari 5 Tahun, dan sudah banyak mengerjakan project desain dan branding dari dalam maupun Luar Negri.","Bekasi , Jawa Barat",5,2021-12-08T02:48:44.479603,9,B,O,,{140},,git-desain,https://media-exp1.licdn.com/dms/image/C560BAQHnd_AJxuFL6g/company-logo_200_200/0/1601517923698?e=2159024400&v=beta&t=Mg70RqbnM5dMdoFxLISBDirSG9mjwvtb0CJzqx1AQGE,09d17363-1bb3-792a-c9bd-82f1c5b6a287,2021-07-03T14:44:11.731768,,,140,1588870511,ID,,,
-59771866,Haystack (by Silktide),,,,,Haystack analyses websites rapidly and can increase conversions for leads generated to closed sales noticeably. Top performing digital sales professionals use Haystack every day to boost their sales.,,,2020-01-22T18:47:48.544049,1,,,,{NULL},,haystack-by-silktide-,https://media.licdn.com/mpr/mpr/shrink_200_200/AAEAAQAAAAAAAAw5AAAAJGQzOTAxYjYxLTc1ZTItNDIxNy04MzkxLTMyNGJlM2FlMzc4Yw.png,,2020-01-22T18:47:48.544049,,,,,,,,
-862056,R.F. DataTech Ltd,http://www.rfdatatech.co.uk,,1999,rfdatatech.co.uk,"RF DataTech is a leading European designer & manufacturer of high performance Data Radios, Radio Modems, Telemetry Radios, Paging Transmitters, Paging Receivers, RF Modules & Industrial Wireless Data products.  These are all manufactured at our own premises in the UK.   Our modern production facilities are also available for specialist contract manufacturing and assembly work.","Hextable, Kent",,2022-04-21T15:28:09.736072,24,C,P,,{8},,rf-datatech-ltd,https://media-exp1.licdn.com/dms/image/C4E0BAQEpSA8ALrNAHQ/company-logo_200_200/0/1519865740490?e=2147483647&v=beta&t=CS1L9xe718DN0-6o2Q_TBnwZ4iZKIB-BPGX9PkU4B2s,55af8cda-3eac-6d34-5d0f-57980ebde553,2022-04-21T15:28:09.736072,"{1953588,259531,2217651}",,8,1669437447,GB,,,
10540712,FALCO Parkingi Rowerowe,http://www.falco-urban.pl,,,falco-urban.pl,"FALCO jest jednym z czołowych projektantów i producentów nowoczesnych systemów parkingowych dla rowerów i mebli ulicznych. Nasza wszechstronna oferta obejmuje produkty związane z systemami parkingowymi dla rowerów takich jak różnego rodzaju stojaki rowerowe, piętrowe systemy parkingowe Falco Level Premium+, wiaty i przechowalnie rowerowe. FALCO projektuje i produkuje również szeroką gamę zadaszeń rowerowych.
Jeśli jesteś zainteresowany meblami ulicznymi, to śmiało możesz zgłosić się do nas. Falco produkuje szeroką gamę mebli miejskich/ulicznych, takich jak ławki i krzesła, kosze na śmieci , słupki, stoły piknikowe, specjalną ochronę na drzewa , donice i popielniczki na zewnątrz.

Firma Falco prowadzi swój biznes zgodnie z najważniejszym przesłaniem, że wraz z doskonałymi produktami idzie zawsze profesjonalna usługa. Każdy projekt wykonujemy w oparciu o ścisłą współpracę z klientem, zapewniamy doradztwo i porady, wszystkie projekty wykonujemy w systemie AUTOCAD tak aby klient przed zamówieniem mógł sam ocenić jak produkty FALCO będę pasować do jego wizji. Prace zespołu projektowego FALCO często odbywają się w połączeniu z projektantami, architektami i technikami do optymalizacji produktów i rozwoju systemów parkingowych oraz mebli ulicznych.",,,2022-08-27T04:35:38.726582,1,A,O,,{50},,falco-parkingi-rowerowe,https://media-exp1.licdn.com/dms/image/C510BAQElTOjiArwzfg/company-logo_200_200/0/1519867624257?e=2147483647&v=beta&t=xEG4Uwb-FqiFxdTUNa6GrZQnkXCbLwtYpfDk0hx4IWo,4d12f1c7-7890-264e-08cb-a3b9fd747313,2017-01-02T21:28:28,"{3681305,3681306,3681307}",,50,1757147583,,,,
39204777,LA ALACENA RIOJANA SL,,,,,LA ALACENA RIOJANA SL is a wine and spirits company based out of Spain.,,,2022-07-17T23:40:33.959959,,,,,{NULL},,la-alacena-riojana-sl,,,2021-07-26T07:02:13.536682,,,,1727166489,ES,,,
1113928,Firewall Logistics,http://Firewalllogistics.com,Oil & Energy,,firewalllogistics.com,Refer website.,,,2017-10-23T07:29:34.957472,56,D,P,PG,{57},,firewall-logistics,,,2017-04-10T14:55:21,{},,57,,,,,
32910349,广州万乐实业有限公司,,,,,"广州万乐实业有限公司 is a mining & metals company based out of 广州市黄埔区笔岗路39号B栋119(仅限办公用途), 广州市, 广东省, China.","广州市, 广东省",4,2022-07-20T06:25:19.143523,3,,,,{56},,广州万乐实业有限公司,,,2021-05-30T05:54:23.9425,,,56,1728438276,CN,,,
-447950,安徽中科龙安科技股份有限公司,http://www.loongsec.com,,,loongsec.com,"安徽中科龙安科技股份有限公司 is an information technology and services company based out of 合肥市蜀山区湖光路1299号17幢, 合肥市, 安徽省, China.","合肥市, 安徽省",,2022-08-27T04:35:38.841549,1,,,,{96},,安徽中科龙安科技股份有限公司,,,2022-03-19T10:12:40.97542,,,96,1757147585,CN,,,
7418231,Pizzeria Bella Vista in Iserlohn,,,,,"Pizzeria Bella Vista in Iserlohn is a company based out of 18 Leckingser Straße, Iserlohn, Germany.",Iserlohn,,2022-08-21T16:48:15.02509,,,,,{NULL},,pizzeria-bella-vista-in-iserlohn,,,2018-01-04T08:12:06.564884,,,,1752332082,DE,,,
-1377858564,Asociación Hercle,,,,,"Asociación cultural e Deportiva adscrita á Universidade de A Coruña
Tratase unha asociación que ten por finalidade a promoción da vida universitaria e dos valores que esta representa. 
Ten diferentes ámbitos de actuación; 
Culturalmente ten por fins promover a cultura galega entre o estudantado así como o patrimonio histórico, deportivamente promover o deporte e a súa practica especialmete naqueles deportes minoritarios como o Béisbol, o Jugger...
Todo isto sempre dende un enfoque a comunidade Universitaria.","A Coruña,",,2019-06-06T09:14:37.192985,5,,,ES,{NULL},,asociaciÃ³n-hercle,https://media.licdn.com/mpr/mpr/shrink_200_200/AAEAAQAAAAAAAAK7AAAAJDE4Y2I0Y2UyLTc5ODktNDE4OC05YmIyLTMwYWZlNjVjZWQyNA.png,,2019-06-06T09:14:37.192985,,,,,,,,
44040928,JIAYUAN Group International Investment Dept.,,,,,"JIAYUAN Group International Investment Dept. is an investment banking company based out of TIANHE DISTRICT, GUANGZHOU, GUANGDONG, Guangzhou, China.",Guangzhou,,2022-08-01T11:47:09.880475,,D,,,{45},,jiayuan-group-international-investment-dept.,,,2021-05-11T07:35:03.675031,,,45,1739391672,CN,,,
25207251,eClosing,http://www.eclosing.fr,,2009,eclosing.fr,eSignature and document management solutions,"Paris, Île-de-France",1,2022-08-03T03:41:54.422459,4,C,P,,"{4,138}",,eclosing.fr,https://media-exp1.licdn.com/dms/image/C4E0BAQFhQS2CyPqaWw/company-logo_200_200/0/1643645760605?e=2147483647&v=beta&t=GahlHxft1YzWbzLuxK1p7yOda1D1kxcGpIeCODG8qEo,f5d3be69-fedd-c626-8592-5db81b0924dd,2021-06-16T08:40:12.849352,,,4,1739895841,FR,,,
32981583,República Dos Brincos Comércio Ltda,http://brilhoecia.com.br,,,brilhoecia.com.br,República Dos Brincos Comércio Ltda is a company based out of Brazil.,,,2022-08-21T10:51:34.394581,,,,,{NULL},,república-dos-brincos-comércio-ltda,,,2021-07-26T07:02:13.866168,,,,1751983037,BR,,,
530718,MyProjectTracker,www.myprojecttracker.com,Information Technology and Services,2009,myprojecttracker.com,"MyProjectTracker.com is a hosted project management solution that will provide financial tracking, comprehensive management oversight and customer communication capabilities for your business.We want to make your business more efficient and effective by providing straightforward, timely and accurate information to facilitate effective management decision making.",,2,2014-07-29,7,,,,,,,,,2014-05-19,,,96,,,,,
-65148,Bloom CPG Consulting,http://www.bloomCPG.com,,,bloomcpg.com,"Helping small women and minority owned brands navigate retailers and helping retailers, investors, and other interested stakeholders navigate small women and minority owned brands.","Saint Paul, Minnesota",,2022-02-04T00:22:08.208639,7,A,E,,{25},,bloomcpg,https://media-exp1.licdn.com/dms/image/C4D0BAQG4yByo7ntX2g/company-logo_200_200/0/1643307489346?e=2159024400&v=beta&t=k9kQLo3CyIa7ZPjxXT74JsaiwxGMVJz_Ydu0-LzBoZk,1afd03e5-bb25-1c53-df24-1f2abab35a40,2022-02-04T00:22:08.208639,,,25,1628252576,US,,,
30353289,上海毅达投资管理咨询有限公司,http://www.yidainvestment.com/,,,yidainvestment.com,"上海毅达投资管理咨询有限公司 is a management consulting company based out of 中国(上海)自由贸易试验区浦东南路256号704室, 上海市, 上海市, China.","上海市, 上海市",2,2022-07-12T04:14:01.831578,1,,,,{11},,上海毅达投资管理咨询有限公司,,,2021-07-05T14:36:31.383437,,,11,1723323948,CN,,,
-1618375007,深圳市福盛安科技有限公司,http://http/www.fsaelectronics.com,,,,"深圳市福盛安科技有限公司 is a semiconductors company based out of 深圳市宝安区福海街道和平社区桥和路313号D1605, 深圳市, 广东省, China.","深圳市, 广东省",2,2022-08-27T14:04:11.007661,,,,,"{7,NULL}",,深圳市福盛安科技有限公司,,,2021-12-02T10:14:29.666155,,,7,1757521690,CN,,,
15255689,iT_Talent,http://www.ettfaster.com.ar,,1980,ettfaster.com.ar,"En IT Talent ofrecemos un servicio profesional de búsqueda y selección de perfiles iT.

Si estás buscando un crecimiento profesional, un cambio laboral o estás abierto a nuevas oportunidades: ¡¡Seguinos!! 
Aquí publicaremos interesantes oportunidades laborales del Sector iT

Si sos parte del Sector IT y te interesa estar cerca de oportunidades de crecimiento profesional ingresá tus datos en nuestra base. Realizá una postulación espontánea aquí: : http://cvi40.axton.com.ar/cvi40/postulante/login.aspx?id=699","Ciudad Autónoma de Buenos Aires, Ciudad Autónoma de Buenos Aires",,2022-08-27T04:35:39.269148,91,E,P,AR,"{137,NULL}",,it_talent,https://media-exp1.licdn.com/dms/image/C4E0BAQEZktNxuzYANw/company-logo_200_200/0/1519885049476?e=2147483647&v=beta&t=8LP-aOnKBmJzfTvEiBufSYmaTZUjc3Cl6nZDkuoPDXI,9312e2db-7b46-0519-48b6-c2906998e245,2017-03-27T22:58:50,{2039348},,137,1757147588,AR,,,
8021012,Statewide Investments LLC,,,,,"Statewide Investments LLC is a financial services company based out of 2436 E Preston St, Baltimore, Maryland, United States.","Baltimore, Maryland",2,2022-08-31T17:11:04.863152,0,B,,US,{43},,statewide-investments-llc,,,2016-10-15T13:58:28,{},,43,1761546342,US,,,
8201807,Steve Mullin,,,,,"Steve Mullin is a company based out of 500 Snowberry Ln, Sandpoint, Idaho, United States.","Sandpoint, Idaho",,2022-08-19T09:01:27.247416,0,B,,US,{NULL},,steve-mullin,,,2017-03-13T02:08:51,{},,,1749213678,US,,,
46105362,"YVES RIDEL-ISABELLE STEFANI-RICHARD DUVAL-CAROLE BAISSAS-EMMANUELLE TOUFLET, AVOCATS ASSOCIES",,,,,"YVES RIDEL-ISABELLE STEFANI-RICHARD DUVAL-CAROLE BAISSAS-EMMANUELLE TOUFLET, AVOCATS ASSOCIES is a legal services company based out of 361 A RUE CLEMENT ADER, Evreux, Normandie, France.","Evreux, Normandie",,2022-08-21T10:51:34.378296,,B,,,{10},,yves-ridel-isabelle-stefani-richard-duval-carole-baissas-emmanuelle-touflet-avocats-associes,,,2021-07-26T07:02:14.047143,,,10,1751983035,FR,,,
48558767,OUDART ANAIS,,,,,"OUDART ANAIS is a company based out of 47 RUE DE PARIS, Montreuil, Îledefrance, France.","Montreuil, Îledefrance",1,2022-08-29T14:11:31.814362,1,,,,{NULL},,oudart-anais,,,2021-06-18T19:41:53.165682,,,,1759553766,FR,,,
24665263,CIGNOLI ELETTROFORNITURE S.R.L.,,,,,"1.IL COMMERCIO ALL INGROSSO E AL MINUTO DI MATERIALE ELETTRICO NONCHE  OGNI ARTICOLO AFFINE, CONNESSO E SIMILARE  2. LA PRODUZIONE, LA PROGETTAZIONE, ANCHE CON STUDI DI LABORATORIO, DEL MATERIALE DI CUI SOPRA.","CASTEGGIO, Pv",2,2022-08-31T00:33:54.110599,8,C,,,"{26,NULL}",,cignoli-elettroforniture-s.r.l.,https://static-exp1.licdn.com/sc/h/9rxpcj33wtsq3w7nxb3u3ku6e,a520e4b9-9077-853f-03a5-16ebbd51e0c6,2021-04-17T19:39:47.28247,,,26,1760873974,IT,,,
1240085,Kema Bolgaria EOOD,http://www.kema-on.net/bg/,Construction,,kema-on.net,I took over the responsibility for a daughter company in Bolgaria.,,4,2014-07-18,8,B,P,,{48},,kema-bolgaria-eood,,,2014-05-26,,,48,,,,,
36484536,Katholische Gemeinde St. Michael,http://katholische-gemeinde-st-michael.de,,,katholische-gemeinde-st-michael.de,"Katholische Gemeinde St. Michael is a religious institutions company based out of 1 Haselgrund, Schwarzenbek, Germany.",Schwarzenbek,,2022-08-15T13:12:53.486048,,B,,,{89},,katholische-gemeinde-st.-michael,,,2021-07-05T19:10:21.377382,,,89,1743890370,DE,,,
-1279206942,JPJ-CONSULTING,,,,,了解JPJ-CONSULTING的工作环境。立即免费加入领英。看看您认识哪些JPJ-CONSULTING员工，利用人脉力量，成功应聘职位。,Puurs,4,2019-06-03T23:49:50.656798,0,,,,"{17,NULL}",,jpj-consulting,https://static-exp2.licdn.com/sc/h/9qf1dv558e0hwesyramnew9nu,a46a7fed-dacc-37c2-69a2-f98beb5f62ea,2018-07-29T00:09:59.199807,,,17,,,,,
-2075409927,BLUE DIAMOND SHEET METAL INC,,,,,"BLUE DIAMOND SHEET METAL INC | BLUE DIAMOND SHEET METAL INC is a retail company based out of 1165 STATION RD, Medford, New York, United States.",,12,2020-11-03T23:35:19.175128,,,,,{NULL},,blue-diamond-sheet-metal-inc,,,2020-11-03T23:35:19.175128,,,,,,,,
44545744,BOURLET VERONIQUE,,,,,"BOURLET VERONIQUE is a company based out of 193 AV DE LA LIBERATION, Aulnoy Lez Valenciennes, Hautsdefrance, France.","Aulnoy Lez Valenciennes, Hautsdefrance",,2022-07-31T22:53:20.680572,,,,,{NULL},,bourlet-veronique,,,2021-05-28T13:35:44.535618,,,,1738756311,FR,,,
1748505,JNJ Flooring,http://www.jnjflooringonline.com,Construction,,jnjflooringonline.com,,,5,2022-08-25T22:28:50.948981,6,,,,"{48,NULL}",,jnj-flooring,,,2017-06-05T21:47:58.703029,,,48,1756298888,,,,
1200505,Inside Uni,www.insideuni.com,Media Production,2010,insideuni.com,"Inside Uni is an online, interactive magazine for university students across the UK. Content covering, Fashion, Health, Student Life, Entertainment and enhanced with university specific content and multimedia provided by students, for students.Launched in September 2010 by a London University student, Inside Uni has strived to provide non-biased student information, news and discussion on a daily bases.",,,2014-07-26T01:57:03.217827,1,,,,,,,,,2014-05-25T21:54:44.453404,,,126,,,,,
2899291,Krzysztof Cieślak ICT Engineering & Consulting,www.ictec.com.pl,Information Technology & Services,2011,ictec.com.pl,"ICTEC's mission is to help and actively assist micro and small business companies in the early stages of their business and organizational life.

Since ICT penetrates and integrates many functional areas of the company I always try to understand the specifics of the Customer business and the real purpose of the project, and the question ""why"" is my the most frequently asked at the analysis phase. I specialize in complex projects in terms of engineering and business, avoiding those ones, where IT would be the only area in which I were allowed to get involve.",,,2015-05-30T00:37:19.825542,1,A,O,,{96},,krzysztof-cie-lak-ict-engineering-&-consulting,,,2015-05-30T00:37:19.825542,,,96,,,,,
3806084,Hadrian Residential Bootcamp,http://www.hadrianbootcamp.com,,,hadrianbootcamp.com,"Hadrian Residential Bootcamp is a 'non military' style bootcamp with a focus on both physical and mental fitness. We believe that in order to achieve results, people should look after both their physical and mental fitness and develop strategies to make lasting changes to live healthy lifestyles. Hadrian is about giving people the information and support to overcome obstacles they may face, in order to achieve their health and fitness goals. Hadrian is based on the Cumbria/Northumberland border, nestled in over 90 acres of beautiful private countryside and provides residential bootcamps from Monday to Friday. If you join us at Hadrian, you can expect to enjoy a full programme of activity to include physical activity sessions and daily workshops on nutrition, mental fitness and physical activity. The activities utilise the beautiful natural surroundings including spending time along the historic Hadrian's Wall. You will also receive tasty, nutritious and satisfying food which is prepared on site by our resident chef and at the end of each day take to your bed in 4 star cottage accommodation. Various forms of exercise will be used eg strength, resistance, cardiovascular, etc and you will be provided with workshops to fully explain the benefits of each. We provide daily coaching workshops as we believe that having a goal in mind strengthens the bootcamp experience by providing a focus for each individual. You will also receive daily nutritional workshops to ensure you feel fully equip to eat well once you return home. At Hadrian we offer spaces to individuals and groups and the cottages are set up to accommodate the group as necessary. We also offer corporate spaces on all of our bootcamps and we encourage businesses to invest in the health and fitness of their employees by securing a number of places. We can also offer bespoke bootcamps for individual businesses ranging from 2 - 5 nights. The maximum occupancy on any of our bootcamps is 17 people.",Northumberland,,2016-10-13T05:14:30,0,B,P,GB,{124},,hadrian-residential-bootcamp,,,2016-10-13T05:14:30,"{191868,926,23579,146392,7530,5247256}",,124,,,,,
2899350,Cheselden,www.cheselden.co.uk,Hospital & Health Care,,cheselden.co.uk,Cheselden Continuing Care provide a range of end to end managed solutions into the public and private sector. Our dedicated team of clinicians bring a wide range of knowledge and experience to the business and we encourage excellence at the very heart of all of our work.,,,2015-05-30T00:37:56.798509,17,C,C,,{14},,cheselden,,,2015-05-30T00:37:56.798509,,,14,,,,,
-513999044,1812 INDEFATIGABLE,,,,,了解1812 INDEFATIGABLE的工作环境。立即免费加入领英。看看您认识哪些1812 INDEFATIGABLE员工，利用人脉力量，成功应聘职位。,Central - Hong Kong,,2018-10-25T12:52:22.70461,,,,CN,{NULL},,1812-indefatigable,https://media.licdn.com/dms/image/C560BAQHEfa4deXD9Eg/company-logo_200_200/0?e=2159024400&v=beta&t=m7mzJ3apQXaq3LelleHe2ML-au3BOhvkhCTqMLgXDJc,1d8ec7a2-1d48-887e-7127-1615f89cc2de,2018-04-23T12:22:22.054392,,,,,,,,
-1427597236,EPAM - DEP,,,,,"Ketahui lebih lanjut tentang persekitaran kerja di EPAM - DEP. Sertai LinkedIn hari ini secara percuma. Lihat orang yang anda kenali di EPAM - DEP, manfaatkan rangkaian profesional anda dan dapatkan pekerjaan.",Conshohocken,,2018-11-06T16:57:00.4518,,,,AL,{NULL},,epam-empathy-lab,https://media.licdn.com/dms/image/C560BAQEzvJFwRplSCQ/company-logo_200_200/0?e=2159024400&v=beta&t=Xb6HY0nij9TpFBvWa5uULLoDix0U5z5FEm7eDJInVPI,c8f9c83c-21b2-3dd6-d78d-ae913d2bb572,2018-04-26T08:48:40.274085,,,,,,,,
13200910,PROYOJON,http://proyojon.mobi/,Information Technology & Services,,proyojon.mobi,"The Proyojon App brings you unbeatable value
with lots of services including Bondhu, Tuition, Jobs, Matrimony, 
To-Let, m-Haat, News, Entertainment, m-Doctor and m-Library.",,,2017-06-05T14:48:59.132111,3,,C,,{96},,proyojon,,,2017-06-05T14:48:59.132111,,,96,,,,,
-964771952,"塩野義製薬（株） Employees, Location, Careers",http://www.shionogi.co.jp,,,,"塩野義製薬（株） | 95 followers on LinkedIn. 塩野義製薬（株） is a pharmaceuticals company based out of 道修町３－１－８, 大阪市中央区, 大阪府, Japan.",,107,2021-11-10T09:11:01.390476,75,,,,"{15,NULL}",,å¡©éç¾©è£½è¬ï¼æ ªï¼,https://static-exp1.licdn.com/sc/h/9rxpcj33wtsq3w7nxb3u3ku6e,a520e4b9-9077-853f-03a5-16ebbd51e0c6,2019-04-23T00:57:25.386696,,,15,,,,,
-1621338323,ASSOCIATION DES COPROPRIETAIRES CHEE DE ST JOB 271-273,,,,,"Infórmate sobre cómo es trabajar en ASSOCIATION DES COPROPRIETAIRES CHEE DE ST JOB 271-273. Regístrate en LinkedIn gratis hoy mismo. Averigua a quién conoces en ASSOCIATION DES COPROPRIETAIRES CHEE DE ST JOB 271-273, obtén el máximo beneficio de tu red y consigue que te contraten.",Uccle,,2018-10-09T05:09:57.234997,,,,BO,{NULL},,association-des-coproprietaires-chee-de-st-job-271-273,https://static.licdn.com/sc/h/ck48xrmh3ctwna0w2y1hos0ln,d4223fcd-ef3d-fca6-0a57-fe0f33857e0b,2018-06-17T17:56:37.038336,,,,,,,,
-273377396,CQ Field Mining Services,,,,,了解CQ Field Mining Services的工作环境。立即免费加入领英。看看您认识哪些CQ Field Mining Services员工，利用人脉力量，成功应聘职位。,,,2018-10-09T05:10:52.663027,,,,CN,{NULL},,cq-field-mining-services,https://media.licdn.com/dms/image/C4E0BAQGOpi4pFUCgDw/company-logo_200_200/0?e=2159024400&v=beta&t=BGdBapINXEYgLdR7RluJX0gpGabgKUQeK6xqlHId-NM,16909169-2e1f-898a-b813-71dea164c7e6,2018-07-13T22:45:51.220235,,,,,,,,
10516928,UMNP,http://www.umnp.org,Civic & Social Organization,1945,umnp.org,"L'Union Maritime Nantes Ports est une association qui a été créée en 1945 pour rassembler les intérêts Amont et Aval du Port de Nantes/Saint-Nazaire avec pour vocation première la défense des intérêts des clients, usagers ou entrepreneurs du port dans leurs relations avec les différents services de l'état.

Ses missions :
      - Accompagner les entreprises portuaires, maritimes et industrielles sur les dossiers d'intérêts communs pour créer une dynamique de place portuaire,
      - Défendre et valoriser les intérêts des membres auprès des représentants du Port de Nantes/Saint-Nazaire, des collectivités, des administrations et de tout autre organisme pouvant avoir une influence sur la vie de la place portuaire,
       - Etre une force de proposition pour assurer le dynamisme et la promotion de la place portuaire dans l'Ouest et sur la façade Atlantique de l'Europe.",MONTOIR DE BRETAGNE,4,2022-08-27T04:35:39.668957,24,B,N,FR,"{90,95,NULL}",,umnp,https://media-exp1.licdn.com/dms/image/C560BAQGNn5DtswleUQ/company-logo_200_200/0/1519908413918?e=2147483647&v=beta&t=DC6wUAXce7x9q6le31Qowg7SDLp3YAV7By3SkhDMS4w,b4add153-0f40-4486-2189-344e375587f5,2017-06-02T10:48:54,{},,90,1757147593,FR,,,
10581495,MonkeyBox Soluciones Publicitarias,http://www.monkeybox.com.ar,,2014,monkeybox.com.ar,"Un servicio integral, aplicado a la imagen del producto o empresa. Creatividad, desarrollo, producción y activación; tan versátiles que lo hacemos todo rápido y con calidad.","Capital Federal, Buenos Aires",2,2022-08-27T04:35:40.737559,32,B,O,AR,"{80,NULL}",,monkeybox-soluciones-gráficas,https://media-exp1.licdn.com/dms/image/C560BAQGlZKei5IPr1A/company-logo_200_200/0/1519902568615?e=2147483647&v=beta&t=PNLL9Mg1Ytex7EghsSLaIqd_WEiwOu5VD_JNOXu4Gz0,5c2e748c-8e4f-1b2d-d76f-af609e9e8654,2017-05-14T00:39:06,"{1104651,175414,37169,23136,245325,79685,6514,66423}",,80,1757147597,AR,,,
7037737,BAIRRO DA JUVENTUDE,http://bairrodajuventude.org.br,,1949,bairrodajuventude.org.br,"Promover e oportunizar a transformação social, por meio da formação integral e assistência social, com processos educacionais humanizados para crianças, adolescentes, jovens e suas famílias, essa é a missão do Bairro da Juventude. Instituição filantrópica de Criciúma, Santa Catarina, que atende em período integral 1,5 mil crianças, adolescentes e jovens em risco de vulnerabilidade social.

O Bairro da Juventude oferece para a comunidade sul catarinense uma política inclusiva voltada à responsabilidade social e pautada pela defesa, proteção e promoção dos direitos da criança e dos jovens, isso é o que nos motiva a perseguir a qualidade no ensino, buscando sempre servir como modelo para a sociedade.

Mais do que sonhos, mostramos o caminho para torná-los realidade.","Criciúma, Santa Catarina",60,2022-08-27T04:35:41.281466,241,D,N,BR,"{131,NULL}",,bairro-da-juventude,https://media-exp1.licdn.com/dms/image/C4E0BAQGCBSksaSU0Aw/company-logo_200_200/0/1519893236698?e=2147483647&v=beta&t=AtkhjzN5rXoZbUYtOS3H7A-GdI_cnTMk_uT2uscLWQY,5cfbc5e8-882b-0482-4d6e-d63f8f8ec0ed,2017-06-16T15:28:26,"{272760,9926,8389870,71978}",,131,1757147604,BR,,,
34072415,Digital Skills School,http://digitalskillsschool.com,,,digitalskillsschool.com,"Digital Skills School is an education management company based out of B-28, Bhagyalaxmi heights, Near Nityanand Hall, Hingane Khurd, Sinhgad  Road, Pune, Maharastra, India.","Pune, Maharastra",,2022-06-26T12:51:41.918875,,D,,,{69},,digital-skills-school,,,2021-05-30T08:58:39.550598,,,69,1718121970,IN,,,
23834365,Thovadec Plastics,,,,,"Thovadec Plastics is a company based out of 79 Meersstraat(HEU), Destelbergen, Belgium.",Destelbergen,,2022-06-26T12:51:43.182069,,,,,{NULL},,thovadec-plastics,,,2021-05-13T17:46:31.503077,,,,1718121982,BE,,,
-1277850033,广州市妙缇贸易有限公司,,,,,了解广州市妙缇贸易有限公司的工作环境。立即免费加入领英。看看您认识哪些广州市妙缇贸易有限公司员工，利用人脉力量，成功应聘职位。,,,2018-10-25T12:54:32.207104,,,,ID,{NULL},,å¹¿å·å¸å¦ç¼è´¸ææéå¬å¸,https://static.licdn.com/sc/h/ck48xrmh3ctwna0w2y1hos0ln,d4223fcd-ef3d-fca6-0a57-fe0f33857e0b,2018-10-25T12:52:44.090539,,,,,,,,
-1254236726,Goal Aircraft,http://www.goalaircraft.com,,,,"Infórmate sobre cómo es trabajar en Goal Aircraft. Regístrate en LinkedIn gratis hoy mismo. Averigua a quién conoces en Goal Aircraft, obtén el máximo beneficio de tu red y consigue que te contraten.","Orlando, Florida",4,2021-03-21T09:52:52.660017,440,B,,LU,"{94,122,NULL}",,goalaircraft,https://media-exp1.licdn.com/dms/image/C4D0BAQEknKkpxLqGSw/company-logo_200_200/0/1519920789972?e=2159024400&v=beta&t=GBaH6FA1gr_i-sRwC66SUxgkF7UmE8bYQwwGDFSs7Hg,70356381-613f-b31b-a01f-428501188da2,2018-05-23T10:40:33.746705,,,94,,,,,
3715450,MECU Financial Wellness,http://www.mecu.org/Wellness.aspx,,,mecu.org,"Welcome to the MECU Financial Wellness Center, designed to help you enhance your financial wisdom so you can confidently make well-informed decisions.",,,2017-06-18T15:17:39,34,,,,{43},,mecu-financial-wellness,,,2017-06-18T15:17:39,{},,43,,,,,
-411187,西宁市供热公司,,,,,"西宁市供热公司 is an utilities company based out of 西宁市城西区盐湖巷13号, 西宁市, 青海省, China.","西宁市, 青海省",,2022-08-11T20:25:23.589458,1,,,,{59},,西宁市供热公司,,,2022-03-17T10:46:36.229144,,,59,1740451277,CN,,,
11349757,"Wilmar, a Home Depot® Company",http://www.wilmar.com,,1977,wilmar.com,"As part of The Home Depot® family of brands, Wilmar is the nation's largest distributor of maintenance supplies exclusively for apartment housing. 

We proudly serve over six million apartment units across the United States and are committed to delivering quality products, expert services, and proven solutions to improve property performance.

Together with our parent company, we are redefining the multifamily maintenance experience and bringing property managers more of what they need to stay ahead in a highly competitive industry.","Jacksonville, FL",20,2022-08-27T04:35:41.683319,518,G,P,,"{106,116,NULL}",,wilmar-multifamily-maintenance-supply,https://media-exp1.licdn.com/dms/image/C4D0BAQEcbMuTw2cMJg/company-logo_200_200/0/1519878654762?e=2147483647&v=beta&t=VWnzIOb5fUNAnBV_zChMVr-6nxpQDv6dHwC3eXIKTCA,09a1c749-8dda-3c07-a86e-88bfd1e6b0e6,2021-03-26T09:19:29.517607,"{1880323,503730,5637344,297097,165830,12351270,5637345,11875,7304,5637346,5637347,5637348}",,106,1757147606,US,,,
-1442369414,Sindipedras/Sc,,,,,了解Sindipedras/Sc的工作环境。立即免费加入领英。看看您认识哪些Sindipedras/Sc员工，利用人脉力量，成功应聘职位。,,,2019-04-02T22:10:21.118752,0,,,,{NULL},,sindipedras-sc,,,2019-01-13T00:01:26.523224,,,,,,,,
6115918,SELBY BLINDS AND FLOORING LTD,,,,,"SELBY BLINDS AND FLOORING LTD is a construction company based out of 33 Brook St, Selby, United Kingdom.",Selby,,2022-08-31T00:49:08.475695,0,,,GB,{48},,selby-blinds-and-flooring-ltd,,,2017-04-01T17:25:27,{},,48,1760885362,GB,,,
1592057,Daxx bvba,www.daxx.com,Information Technology & Services,,daxx.com,"It is one of Daxx' main purposes to reach at work for our clients the highest degree of transparancy, flexibility and cost efficiency. In that way our clients can carefreely focus on his own IT (or other) goals and work spheres. Daxx gives the possibility to companies to grow in a flexible way. With Daxx companies can achieve the maximum with their IT budget and getting work done of guaranteed high quality. Daxx has the opportunity to realize this by its development centers in Russia and Ukraine under Dutch project management.",,,2015-05-30T00:47:02.953492,6,D,C,,{96},,daxx-bvba,,,2015-05-30T00:47:02.953492,,,96,,,,,
3313239,Axiom Medical,http://www.axiomllc.com,Medical Practice,1999,axiomllc.com,"Axiom Medical specializes in providing comprehensive occupational health programs and injury case management. Our mission is to provide outstanding, innovative and effective work-related
healthcare services to employees, positively impacting their lives, and providing a meaningful return on investment to their employers.

We are experts in the fields of workers'​ compensation, disability case management, corporate wellness programs, DOT drug testing and more. We guarantee that our clients will have only the most qualified, top-level staff working with their employees, such as board certified physicians and physician assistants, registered nurses, certified occupational health nurses and case managers, and other licensed and accredited medical professionals. 

Axiom offers 24/7/365 Case Management administered by in-house, medically-licensed professionals. As an example, within minutes of an injury the injured employee will be speaking with a member of our highly skilled medical team. After gathering the facts, a determination is made as to whether the injury can be managed with first aid measures, or if it warrants a clinic visit. This approach helps the employee minimize work down-time, accelerate their recovery, and save money for the client. 

We are committed to providing the highest quality and cost-effective medical management services available to promote a safe and healthy environment for your employees.","The Woodlands, Texas",368,2022-06-18T11:33:17.180911,7410,D,P,US,"{4,10,13,14,17,124,NULL}",,axiom-medical-consulting-llc,https://media-exp1.licdn.com/dms/image/C4E0BAQFOts7xXVN6qA/company-logo_200_200/0/1571838542530?e=2147483647&v=beta&t=saD2YV4SpkSRxvkGmZDL4m497E9nopOZ4NsMyc3iVVM,635a93a1-99ab-19a8-d76d-77eff782c97c,2017-07-05T02:24:08,"{2261962,5486975,5486976,5332729,5486977,5361555,5486978,2261963,4941188,103767,5486979,2261964,2261965,2261966,2872466,5486980,2164065,2965782,2261967,2261968,5486981,5408032}",,14,1711264830,US,,,
6487987,MP-Tehopenkitys,http://www.mp-tehopenkitys.fi/,,,mp-tehopenkitys.fi,,,,2022-08-20T20:08:58.835634,0,,,,{NULL},,mp-tehopenkitys,,,2016-09-11T17:31:44,{},,,1751176649,,,,
62225109,"PRIMERA INTERIORS CALIFORNIA, LLC",,,,,"PRIMERA INTERIORS CALIFORNIA, LLC is a construction company based out of 1311 W 21ST ST, Tempe, Arizona, United States.","Tempe, Arizona",1,2022-09-01T16:23:14.972486,4,B,,,{48},,primera-interiors-california-llc,,,2021-06-11T22:05:26.731625,,,48,1762621707,US,,,
12919037,江南建设,http://www.yasui-shinchiku.com,,,yasui-shinchiku.com,江南建设 is a company based out of China.,,23,2022-08-30T12:53:46.764081,,,,,{NULL},,江南建设,,,2021-07-26T07:02:16.167517,,,,1760399843,CN,,,
19038703,Tim Bouckley LTD,http://www.timbouckley.com/,,,timbouckley.com,A design strategy firm empowering organisations great and small to turn their ambitions into reality,"Midhurst, West Sussex",,2022-07-25T04:32:17.766445,2,A,P,,{99},,tim-bouckley-ltd,https://media-exp1.licdn.com/dms/image/C560BAQFJcdHVXCCzLg/company-logo_200_200/0/1550835586468?e=2147483647&v=beta&t=ZKSwwjHuAv-46BizRduBk3rpmde_QppbtcoSplbcqMY,44d04bf9-151f-741d-70f2-d922f34fbc68,2021-04-14T05:17:36.210334,"{34348,65709,22928,42294}",,99,1731034113,GB,,,
49301269,MAGOMEDOV NURISLAN,,,,,"MAGOMEDOV NURISLAN is a package/freight delivery company based out of 4 RUE RENE DUNAN LA BOCCA, Cannes, Provencealpescôted’azur, France.","Cannes, Provencealpescôted’azur",1,2022-08-31T10:18:41.205491,1,,,,{87},,magomedov-nurislan,,,2021-07-06T16:18:12.77944,,,87,1761272240,FR,,,
7004784,armeria frinchillucci,http://frinchillucci.it,,,frinchillucci.it,armeria frinchillucci is a company based out of Italy.,,,2022-09-01T14:23:17.766162,,,,,{NULL},,armeria-frinchillucci,,,2021-07-26T07:02:16.445794,,,,1762519040,IT,,,
32171263,上海艾夫一眼镜股份有限公司,http://efe.com.cn,,,efe.com.cn,"上海艾夫一眼镜股份有限公司 is an electrical/electronic manufacturing company based out of 上海市松江区中凯路168号3幢309室, 上海市, 上海市, China.","上海市, 上海市",7,2022-08-21T05:31:37.044335,5,,,,{112},,上海艾夫一眼镜股份有限公司,,,2021-07-26T07:02:16.354286,,,112,1751687654,CN,,,
2675462,Fully Feline,http://fullyfeline.com,Publishing,2012,fullyfeline.com,"Fully Feline’s mission is to enhance the bond pet owners have with their feline companions through education, humor and sharing of ideas with other cat owners.

Another goal is to change the perception of cats for those that consider themselves “dog people” because they just haven’t met the right cat yet.","Overland Park, KS",1,2022-08-27T19:28:42.745491,3,B,E,,"{82,NULL}",,fully-feline,https://media-exp1.licdn.com/dms/image/C510BAQF-3bwfkKPLiQ/company-logo_200_200/0/1519908091814?e=2147483647&v=beta&t=HB1hcK4BdrGdZFtHBfxWsog1Lb933HKOkgUhxCNumcU,eab6e8ed-5081-3cd9-aefe-7cf896d580d8,2017-02-05T03:45:25,"{995954,12075463,49606}",,82,1757730258,US,,,
24593682,Caavi Centro De Apoio E Avaliacoes Virtuais,http://caavi.com.br,,,caavi.com.br,"Caavi Centro De Apoio E Avaliacoes Virtuais is an utilities company based out of Rua Doutor Carlos Varela 489, Cruzeiro, São Paulo, Brazil.","Cruzeiro, São Paulo",,2022-06-18T11:33:17.290315,1,B,,,{59},,caavi-centro-de-apoio-e-avaliacoes-virtuais,,,2021-07-04T01:34:27.433716,,,59,1711264838,BR,,,
9435151,All Print Resources Group Inc.,http://www.allprintresources.com,Printing,2005,allprintresources.com,"All Print Resources was created with one goal in mind – Provide customers with unsurpassed commercial printing and deliver a concierge level of service. 

Combining decades of experience across many industries and media types, All Print Resources’ Team has the insight and skills to successfully manage print of any scope or scale. We also have the equipment and resources to execute projects as efficiently and effectively as possible – on-time, within budget and above our clients’ expectations. 

From our large 10-color press to smaller presses perfectly suited for magazines to business cards and envelopes, our printing equipment and resources make any job possible. We also have a full-service bindery department with the latest technology. And to help our clients with POS, trade show and convention materials, we have large format printing equipment as well as unique format solutions.

Since our inception, we have consistently delivered on our promise to provide clients with superior production resources and best-in-class customer service. Our discipline and commitment keeps our clients coming back year after year.

We’d like you to be one of those customers.","New York, NY",2,2022-08-27T04:48:26.359566,17,C,P,,"{83,NULL}",,all-print-resources,https://media-exp1.licdn.com/dms/image/C4D0BAQEcSZ6asg49EQ/company-logo_200_200/0/1519907163815?e=2147483647&v=beta&t=b6oGZQRshUBCJWK4T76sWPmNtPxOo2u0d1Nw0Yla6zY,bfb52ec9-9b1c-eea7-b5de-c2454dabf5f0,2017-03-30T15:13:46,"{50444,35251,378506,32940,207096}",,83,1757154219,US,,,
51517535,Holidayinn Thoiry Genève Aéroport,,,,,"Holidayinn Thoiry Genève Aéroport is a hospitality company based out of 67 AVE DU MONT BLANC, Thoiry, France.",Thoiry,4,2022-08-21T04:47:37.627382,,,,,{31},,holidayinn-thoiry-genève-aéroport,,,2021-05-05T20:34:58.662678,,,31,1751647471,FR,,,
-843843918,FUCHS & KOVATSCH GMBH & CO.KG,,,,,"FUCHS &amp;amp; KOVATSCH GMBH &amp;amp; CO.KG | 7 followers on LinkedIn | FUCHS &amp; KOVATSCH GMBH &amp; CO.KG is a construction company based out of c/o Deinternational AS Postboks 603 Skøyen, OSLO, Oslo, Norway.","OSLO, Oslo",4,2021-01-23T04:43:54.866668,8,,,,"{48,NULL}",,fuchs-&-kovatsch-gmbh-&-co.kg,https://static-exp1.licdn.com/sc/h/9rxpcj33wtsq3w7nxb3u3ku6e,a520e4b9-9077-853f-03a5-16ebbd51e0c6,2019-01-16T19:12:58.692581,,,48,,,,,
48215340,KARAWA NGAWI,,,,,"KARAWA NGAWI is a transportation/trucking/railroad company based out of 4 B RUE MIMBERTIN, Pont Sainte Maxence, Hautsdefrance, France.","Pont Sainte Maxence, Hautsdefrance",1,2022-08-21T04:47:40.460563,1,,,,{92},,karawa-ngawi,,,2021-05-01T00:51:15.428457,,,92,1751647503,FR,,,
26725254,PISCINES ET PAYSAGES DE FRANCE,,,,,"PISCINES ET PAYSAGES DE FRANCE is a construction company based out of ROUTE NATIONALE 6 39 ALLEE DU BESSON, LIMAS, France.",LIMAS,3,2022-09-01T04:17:45.639065,,,,,{48},,piscines-et-paysages-de-france,,,2021-05-29T08:15:13.68943,,,48,1762055037,FR,,,
